Cell id,Predicted_sensitive_DEG_score,Predicted_resistant_DEG_score,Ground_truth_sensitive_DEG_score,Ground_truth_resistant_DEG_score,Prediction
RPI1_A3,-0.203556666,1.109897691,-2.7263637,14.205806,Resistant
RPI1_A4,-0.131909579,1.048747528,-2.200808,10.421614,Resistant
RPI1_A5,-0.180627935,0.994504328,-1.2736363,5.7885485,Resistant
RPI1_A6,-0.24521012,1.115945117,-3.4923232,16.025484,Resistant
RPI1_A7,-0.238544107,1.205736051,-2.2366667,13.07016,Resistant
RPI1_A8,-0.379575212,1.066753836,-2.099394,8.2875805,Resistant
RPI1_A9,-0.119398916,1.058046674,-1.3525252,5.8824196,Resistant
RPI1_A10,-0.233082236,1.030883337,-2.8764646,12.3598385,Resistant
RPI1_A11,-0.348931471,1.049403864,-3.100101,14.301935,Resistant
RPI1_A12,-0.336591456,1.099752033,-2.8055556,13.587258,Resistant
RPI1_A13,-0.205732253,1.098864663,-1.5038384,8.536774,Resistant
RPI1_A14,-0.211859844,1.138143526,-4.062828,22.630161,Resistant
RPI1_A15,-0.209891525,1.156596215,-2.1733332,11.877096,Resistant
RPI1_A16,-0.311099422,1.091974394,-4.367576,22.886776,Resistant
RPI1_A18,-0.258218281,1.114655636,-2.669091,14.680485,Resistant
RPI1_A19,-0.148234262,1.024588523,-1.2526263,5.3403225,Resistant
RPI1_A20,-0.130753577,1.163353974,-2.0361614,14.019032,Resistant
RPI1_A21,-0.223226599,1.010857293,-1.6887879,9.046936,Resistant
RPI1_A22,0.070267359,0.64720028,0.06232323,0.16758065,Resistant
RPI1_B1,-0.184477162,1.122110078,-1.9795959,11.070968,Resistant
RPI1_B2,-0.280637671,1.158121757,-2.4627273,11.893226,Resistant
RPI1_B3,-0.118221029,0.882605481,-2.2810102,9.511129,Resistant
RPI1_B4,-0.230516317,1.081955467,-1.8723232,8.941612,Resistant
RPI1_B5,-0.361547822,1.116668505,-1.8693941,10.8901615,Resistant
RPI1_B7,-0.265067967,1.179986516,-2.188283,12.050644,Resistant
RPI1_B8,-0.323567427,1.019660911,-2.67101,11.645645,Resistant
RPI1_B9,0.121002776,0.374624181,-0.032828283,0.1116129,Resistant
RPI1_B10,-0.238530335,1.066869522,-2.642424,12.975323,Resistant
RPI1_B11,-0.158490421,1.04495926,-2.1445456,10.888226,Resistant
RPI1_B12,-0.285729522,0.967967599,-4.070505,17.339031,Resistant
RPI1_B13,-0.176555226,1.02410148,-1.8076768,9.290162,Resistant
RPI1_B14,-0.248529086,1.02420328,-2.660303,11.855,Resistant
RPI1_B16,-0.13366868,1.03513626,-2.2140403,13.060805,Resistant
RPI1_B17,-0.207346648,1.056200959,-1.6085858,7.76,Resistant
RPI1_B18,0.010163461,0.521882208,-0.19989899,0.78161293,Resistant
RPI1_B19,-0.100525227,1.258475951,-1.1546464,7.187742,Resistant
RPI1_B20,-0.268059591,1.02272895,-1.8514142,7.92371,Resistant
RPI1_B21,-0.304018252,1.22659097,-1.8556566,8.788064,Resistant
RPI1_B22,-0.311537581,1.182830582,-2.1363637,10.968548,Resistant
RPI1_B23,-0.053881946,0.084056281,-0.027777778,0.063709676,Resistant
RPI1_B24,-0.136190313,1.07135272,-1.320101,8.636774,Resistant
RPI1_C1,0.286928271,0.645955544,0.16767675,1.8103225,Sensitive
RPI1_C2,-0.30599436,1.097371074,-1.7285858,8.5,Resistant
RPI1_C3,-0.154511894,0.833430055,-2.138788,8.90984,Resistant
RPI1_C4,-0.139026101,0.986144681,-1.6383839,10.055484,Resistant
RPI1_C5,-0.285472617,1.171046643,-2.6945455,15.458872,Resistant
RPI1_C6,-0.143780385,0.835137825,-1.8821213,8.146774,Resistant
RPI1_C8,-0.238082009,1.041121826,-2.3676767,10.665323,Resistant
RPI1_C9,-0.034554149,0.445772883,-0.01787879,0.18354839,Resistant
RPI1_C10,-0.302582165,1.00871758,-1.3267677,7.759678,Resistant
RPI1_C11,-0.018449103,1.084190884,-1.8572727,11.015968,Resistant
RPI1_C12,-0.096632477,1.115249209,-1.7378788,10.047742,Resistant
RPI1_C13,-0.261431365,0.992329653,-2.6578789,10.107258,Resistant
RPI1_C14,-0.248033414,0.975120246,-2.4969697,11.721935,Resistant
RPI1_C15,-0.199400419,1.060901938,-3.3101008,16.455967,Resistant
RPI1_C16,-0.232786224,1.012160985,-1.62,7.349516,Resistant
RPI1_C17,-0.172826998,0.912326862,-2.0363636,10.409355,Resistant
RPI1_C18,-0.295122061,1.131638204,-1.8354545,9.537096,Resistant
RPI1_C19,-0.195711755,1.046258265,-1.540606,8.851935,Resistant
RPI1_C20,-0.022801562,0.259604359,-0.032828283,0.031451613,Resistant
RPI1_C21,-0.272711039,1.001482171,-2.1339395,11.409516,Resistant
RPI1_C22,-0.111652109,0.950769968,-2.3381817,10.08371,Resistant
RPI1_C23,-0.368077518,1.166984634,-3.2133331,15.210323,Resistant
RPI1_C24,-0.304794488,1.074428645,-2.5477777,12.531937,Resistant
RPI1_D1,-0.231319379,1.198109914,-2.2927272,9.883387,Resistant
RPI1_D2,-0.391554326,0.784836157,-2.4070706,8.865968,Resistant
RPI1_D3,-0.258384792,0.978143,-1.7586869,6.3451614,Resistant
RPI1_D4,-0.050429123,0.928600938,-1.149192,5.098549,Resistant
RPI1_D5,-0.183838499,1.113272503,-2.911212,14.6948395,Resistant
RPI1_D6,-0.224542702,0.940845469,-1.5372727,6.3659678,Resistant
RPI1_D7,-0.214905116,0.993955594,-1.9920201,8.086128,Resistant
RPI1_D8,-0.259665792,1.039796408,-2.4858584,14.24984,Resistant
RPI1_D9,-0.300542988,1.03925904,-2.1626263,9.925161,Resistant
RPI1_D10,-0.070975332,1.02690508,-1.2119192,5.625645,Resistant
RPI1_D11,-0.27408265,1.092408702,-1.7198989,9.813871,Resistant
RPI1_D12,-0.222625711,0.93356745,-4.81404,18.285,Resistant
RPI1_D13,-0.048403143,0.247402741,-0.032828283,0.107419364,Sensitive
RPI1_D14,-0.178100326,0.970269776,-1.2367678,5.9096775,Resistant
RPI1_D15,-0.336149049,0.930828208,-2.1839395,9.0317745,Resistant
RPI1_D16,-0.088691218,1.017511569,-1.4958587,9.324354,Resistant
RPI1_D17,0.343839254,0.416069989,0.006969694,0.123548396,Sensitive
RPI1_D18,-0.191645559,0.987757098,-2.821212,13.19871,Resistant
RPI1_D19,-0.146025806,0.985606381,-1.5182829,7.610162,Resistant
RPI1_D20,-0.184668638,1.053501128,-1.8251514,9.109516,Resistant
RPI1_D21,-0.055612426,0.872493948,-1.8545455,9.397581,Resistant
RPI1_D22,-0.194468332,0.954407655,-3.259192,13.38516,Resistant
RPI1_E1,0.874039222,0.410168152,1.0493939,2.9058063,Sensitive
RPI1_E2,0.645296149,0.334353452,1.77,5.214355,Sensitive
RPI1_E4,0.418093668,0.486181441,0.24575758,3.730484,Sensitive
RPI1_E5,0.719133347,0.554601113,0.9196968,7.110645,Sensitive
RPI1_E6,0.609296842,0.565613247,1.3884847,4.4124193,Sensitive
RPI1_E7,0.744063493,0.458943618,1.2366667,2.8940322,Sensitive
RPI1_E8,0.722517381,0.370943129,1.8188887,5.3466134,Sensitive
RPI1_E9,0.858362834,0.581482172,1.6534343,4.589838,Sensitive
RPI1_E10,0.593206146,0.474396096,1.3456569,5.555806,Sensitive
RPI1_E11,0.759998997,0.45459282,0.89272714,2.319355,Sensitive
RPI1_E12,0.665300484,0.526125109,1.6352527,6.7111287,Sensitive
RPI1_E13,0.727179477,0.422187927,2.8533335,6.43371,Sensitive
RPI1_E14,0.461161989,0.529137489,-0.027474642,3.7682257,Sensitive
RPI1_E15,0.598937819,0.363548993,2.067677,8.195,Sensitive
RPI1_E16,0.622038824,0.357452874,0.6117172,5.5119357,Sensitive
RPI1_E17,0.499095159,0.404612931,0.7672727,4.802742,Resistant
RPI1_E18,0.565535454,0.366633567,1.6222224,5.2419353,Sensitive
RPI1_E19,0.442922331,0.495432181,0.35949492,4.8251615,Sensitive
RPI1_E20,0.584555629,0.429425594,0.4307071,1.1580646,Sensitive
RPI1_E21,0.130533263,0.005596985,-0.007777778,-0.00032258,Resistant
RPI1_E22,0.614654936,0.379708706,1.2035353,4.67871,Sensitive
RPI1_E23,0.404053597,0.554631207,0.011717081,5.87129,Sensitive
RPI1_E24,0.741094736,0.398972588,0.97979796,2.5933871,Sensitive
RPI1_F1,0.712831963,0.53237391,0.8745456,3.033226,Sensitive
RPI1_F2,0.7186543,0.370876774,1.2672727,3.9162903,Sensitive
RPI1_F3,1.108874594,0.52620186,1.8440404,1.288871,Sensitive
RPI1_F4,0.404369562,0.334100822,-0.03939396,1.1896775,Sensitive
RPI1_F5,0.860321442,0.317569167,2.228081,3.7409675,Sensitive
RPI1_F6,0.862759265,0.442614565,1.0622221,1.9283872,Sensitive
RPI1_F7,0.509724263,0.468841615,0.15010095,2.4803226,Sensitive
RPI1_F8,0.61170443,0.477828808,0.42282844,2.100645,Sensitive
RPI1_F9,0.529585335,0.348489597,0.67969704,3.767097,Sensitive
RPI1_F10,0.424166207,0.337871665,0.14888883,3.9762897,Sensitive
RPI1_F11,0.747276709,0.343853681,2.2251515,2.8787098,Sensitive
RPI1_F12,0.413298155,0.55944395,0.6494949,5.937742,Sensitive
RPI1_F13,0.495020653,0.605351344,0.062424183,4.7888713,Sensitive
RPI1_F14,0.620343377,0.365043485,1.7165656,4.619677,Sensitive
RPI1_F16,0.627191204,0.577940596,0.31727278,2.4746773,Sensitive
RPI1_F17,0.495182414,0.338782598,1.1352525,1.7572579,Sensitive
RPI1_F18,0.484844846,0.397296958,0.4129293,6.0301614,Sensitive
RPI1_F19,0.684320721,0.436885467,0.90313125,2.5135486,Sensitive
RPI1_F20,0.732988662,0.407220262,1.3907073,3.5680652,Sensitive
RPI1_F21,0.639742082,0.507569633,1.1112121,3.1990325,Sensitive
RPI1_F22,0.578278859,0.608242296,0.61212134,3.8380644,Sensitive
RPI1_F23,0.403075168,0.506064533,-0.1403029,5.680806,Sensitive
RPI1_F24,0.789890288,0.495566237,2.0981817,2.1691935,Sensitive
RPI1_G1,0.671962678,0.520358685,0.8630302,3.5022578,Sensitive
RPI1_G2,0.583831326,0.373500653,0.8223233,5.6193547,Sensitive
RPI1_G3,0.661861735,0.497258625,0.9058585,3.098226,Sensitive
RPI1_G4,0.729549445,0.543077796,0.3813131,1.5587097,Sensitive
RPI1_G5,0.764064394,0.377866338,1.8951516,3.5025806,Sensitive
RPI1_G6,0.617386777,0.453321613,0.42525268,3.2998388,Sensitive
RPI1_G7,0.627707648,0.429401164,1.3208079,4.981452,Sensitive
RPI1_G8,0.53498986,0.471963081,0.55222225,3.3958066,Sensitive
RPI1_G9,0.446611688,0.499045928,0.00191921,0.7746775,Sensitive
RPI1_G10,0.763367669,0.336274023,1.9704039,3.0459678,Sensitive
RPI1_G11,0.694005774,0.317093863,1.48,4.0469356,Sensitive
RPI1_G12,0.656669624,0.376583167,0.5089898,3.8146775,Sensitive
RPI1_G13,1.054389105,0.427180837,1.3930302,1.592258,Sensitive
RPI1_G14,0.795761388,0.344957704,0.8873738,2.1862905,Sensitive
RPI1_G15,0.681708804,0.360887038,0.86686873,3.8190317,Sensitive
RPI1_G16,0.702471591,0.245626466,0.5583838,2.912097,Sensitive
RPI1_G17,0.766697959,0.4866161,1.3715153,4.0748386,Sensitive
RPI1_G18,0.549280078,0.357074295,0.45555568,2.833387,Sensitive
RPI1_G19,0.443494494,0.39337011,0.35808074,2.5635483,Sensitive
RPI1_G20,0.994385524,0.337584493,1.8945456,2.6937096,Sensitive
RPI1_G21,0.509539091,0.37673068,0.2634343,1.9079032,Sensitive
RPI1_G22,0.921608191,0.505682831,0.82606065,1.7587098,Sensitive
RPI1_G23,0.674086966,0.336205111,0.92696977,2.3614514,Sensitive
RPI1_G24,0.432929653,0.458613861,-0.105858564,2.9591935,Sensitive
RPI1_H1,0.464559338,0.484013069,0.02707076,2.435645,Sensitive
RPI1_H2,0.651514901,0.389366419,0.8926264,2.408226,Sensitive
RPI1_H3,0.772184174,0.530204053,1.1939394,3.3508065,Sensitive
RPI1_H4,0.491425245,0.47000098,-0.02808094,4.6058064,Sensitive
RPI1_H5,0.731701187,0.331199368,0.5262626,1.0933871,Sensitive
RPI1_H6,0.665530208,0.518164257,1.0753535,2.6641934,Sensitive
RPI1_H7,0.637936584,0.334683824,0.8275757,2.947258,Sensitive
RPI1_H8,0.558646283,0.646211988,0.4059595,1.7667742,Sensitive
RPI1_H9,0.660551039,0.393638115,0.64494956,2.2262905,Sensitive
RPI1_H10,0.775939168,0.49092297,0.69252527,2.068871,Sensitive
RPI1_H11,0.817041561,0.497885973,0.4968686,1.9543549,Sensitive
RPI1_H12,0.764427562,0.416852018,1.1575758,2.4104838,Sensitive
RPI1_H13,0.404024773,0.277832707,-0.22949481,2.563871,Sensitive
RPI1_H15,0.794694112,0.447270984,0.96939397,2.6732259,Sensitive
RPI1_H16,0.456137879,0.329967602,0.30858588,2.4191935,Sensitive
RPI1_H17,0.8538461,0.265378215,0.79969704,0.72322583,Sensitive
RPI1_H18,0.565407619,0.316062563,0.41484857,1.6362903,Sensitive
RPI1_H19,0.471376596,0.435244861,0.07666666,0.1546774,Resistant
RPI1_H20,0.447022315,0.421399513,0.16969705,2.375,Sensitive
RPI1_H21,0.92299521,0.428409794,0.9046465,0.9822581,Sensitive
RPI1_H22,0.67862703,0.387472666,0.92494965,4.517742,Sensitive
RPI1_H23,0.787133211,0.368501168,1.1157576,2.2174194,Sensitive
RPI1_H24,0.077864216,0.235670828,0.009696968,0.063548386,Resistant
RPI1_I1,0.496199572,0.322777914,-0.113636255,3.8375812,Sensitive
RPI1_I2,0.059625353,0.182531425,-0.012828283,0.10370968,Resistant
RPI1_I3,0.431726825,0.413414241,-0.2673738,5.867419,Sensitive
RPI1_I4,0.59121791,0.494287477,0.96000004,3.8051612,Sensitive
RPI1_I5,0.494881906,0.373201623,-0.09393942,2.0758064,Sensitive
RPI1_I6,0.638730742,0.70038904,2.7384853,12.14258,Sensitive
RPI1_I7,0.613789493,0.35376918,0.469697,2.801774,Sensitive
RPI1_I8,0.960643321,0.655980442,1.659394,2.7409678,Sensitive
RPI1_I9,0.250528803,0.278863729,0.017272726,0.09580645,Resistant
RPI1_I10,0.659459412,0.411334442,2.539899,5.5550003,Sensitive
RPI1_I11,0.48872863,0.418988674,1.1696968,5.278226,Sensitive
RPI1_I12,0.627307046,0.552820247,0.72030306,2.4288712,Sensitive
RPI1_I13,0.695241787,0.312703497,1.6258585,2.727097,Sensitive
RPI1_I14,0.719879946,0.257594739,1.9853532,3.8391933,Sensitive
RPI1_I15,0.650148606,0.440238428,0.78474736,2.1901615,Sensitive
RPI1_I16,0.592470676,0.476028546,3.9422226,10.747419,Sensitive
RPI1_I17,0.731119024,0.32611675,2.8144443,2.6740324,Sensitive
RPI1_I18,0.555704004,0.568830271,1.4277778,5.9554844,Sensitive
RPI1_I19,0.765795654,0.370699694,1.6338384,4.766774,Sensitive
RPI1_I20,0.542506759,0.605214221,0.9518182,4.1701612,Sensitive
RPI1_I21,0.491132965,0.335112045,1.4202021,1.9769356,Sensitive
RPI1_I22,0.81673948,0.513123549,1.0395958,2.6769354,Sensitive
RPI1_I23,0.629386682,0.299117431,1.3802023,7.0411286,Sensitive
RPI1_I24,0.929389706,0.136022778,1.1346464,1.0825807,Sensitive
RPI1_J1,0.879777841,0.492772854,0.9555557,3.7114518,Sensitive
RPI1_J2,0.871362309,0.519032554,0.64040405,2.100645,Sensitive
RPI1_J3,0.909725418,0.366322658,1.241212,2.0269353,Sensitive
RPI1_J4,0.566325844,0.507487916,0.13606061,0.30951613,Sensitive
RPI1_J5,0.678718051,0.426540467,0.6708081,3.8162906,Sensitive
RPI1_J6,0.877656322,0.489611471,1.6048484,1.4811289,Sensitive
RPI1_J7,0.827522023,0.158762506,0.5836364,1.8491936,Sensitive
RPI1_J8,0.92854574,0.310314151,2.170707,3.3187099,Sensitive
RPI1_J9,0.597507205,0.548492148,0.8288889,3.140645,Sensitive
RPI1_J10,0.890597654,0.395019762,2.5268686,1.8858066,Sensitive
RPI1_J11,0.672008839,0.403026529,0.49868703,3.3795161,Sensitive
RPI1_J12,0.712189714,0.660978701,0.5312121,1.6761291,Sensitive
RPI1_J13,0.843754569,0.141332945,3.381414,1.3885486,Sensitive
RPI1_J14,0.652290618,0.525753261,0.840202,4.2262907,Sensitive
RPI1_J15,0.794900155,0.333509883,0.9622222,2.012742,Sensitive
RPI1_J16,0.866433554,0.386482631,2.2749498,2.6056452,Sensitive
RPI1_J18,0.438788602,0.345062894,-0.2160604,5.25371,Sensitive
RPI1_J19,0.432659753,0.321725597,0.54333335,1.9588709,Sensitive
RPI1_J20,0.503099663,0.412545246,0.7668686,1.9962904,Sensitive
RPI1_J21,1.039083499,0.518128892,1.961313,2.37,Sensitive
RPI1_J22,0.607874891,0.531767404,1.1866666,3.25629,Sensitive
RPI1_J23,0.653104057,0.502570649,0.6079798,1.2870967,Sensitive
RPI1_J24,0.530820287,0.509452729,0.115858555,1.7685485,Sensitive
RPI1_K1,0.552126354,0.437910591,-0.025151491,5.505323,Sensitive
RPI1_K2,0.864089175,0.337121179,0.8934343,1.5925807,Sensitive
RPI1_K3,0.827165339,0.327809332,0.73555565,1.5962903,Sensitive
RPI1_K4,0.486151255,0.344573133,1.139495,1.1033871,Sensitive
RPI1_K7,0.975243278,0.315558233,0.74636364,0.983871,Sensitive
RPI1_K8,0.605916864,0.483013995,0.5762627,3.0524194,Sensitive
RPI1_K9,0.601241495,0.287804154,0.5326263,1.1475806,Sensitive
RPI1_K10,0.585709268,0.317619025,0.21232322,0.4212903,Sensitive
RPI1_K11,0.876187596,0.274505235,0.5533334,2.026613,Sensitive
RPI1_K12,0.730852609,0.362023145,0.909394,2.3522582,Sensitive
RPI1_K13,0.777126295,0.461073633,1.7750505,2.9340322,Sensitive
RPI1_K14,0.390359787,0.015384491,0.049696967,0.023709677,Sensitive
RPI1_K15,0.794396845,0.392900539,1.1916162,1.9490322,Sensitive
RPI1_K18,0.714704194,0.241147489,0.36898994,1.7901614,Sensitive
RPI1_K20,0.684090698,0.555453065,1.2431314,4.599677,Sensitive
RPI1_K21,0.479940472,0.485620239,0.25919175,5.086613,Sensitive
RPI1_K22,0.723343879,0.368672175,1.6965656,2.418871,Sensitive
RPI1_K23,0.509028447,0.550557068,-0.089292884,3.0896776,Sensitive
RPI1_K24,0.746784302,0.320865657,0.40454555,1.9229031,Sensitive
RPI1_L1,0.918001751,0.390566341,1.0998989,1.4725808,Sensitive
RPI1_L2,0.405055355,0.690721938,-0.097373724,1.1891935,Sensitive
RPI1_L3,0.873666374,0.458613942,1.7936364,0.6859678,Sensitive
RPI1_L4,0.529225686,0.471601398,0.24666667,4.6466126,Sensitive
RPI1_L5,0.405954286,0.743111835,-0.114949465,7.161613,Sensitive
RPI1_L6,0.776727874,0.383273577,0.82212114,1.6409676,Sensitive
RPI1_L8,0.760864581,0.440131815,0.5823232,2.183226,Sensitive
RPI1_L9,0.560898219,0.484703892,0.3183838,1.6653225,Sensitive
RPI1_L10,0.479702925,0.395865831,0.0870707,1.7122581,Sensitive
RPI1_L11,0.823654795,0.331156876,0.6257576,1.601129,Sensitive
RPI1_L12,0.666542206,0.306366097,0.4225254,3.1399999,Sensitive
RPI1_L13,0.527952143,0.445137949,0.1788888,3.2029033,Sensitive
RPI1_L14,1.048286878,0.250931719,1.8502018,3.2858064,Sensitive
RPI1_L17,0.508846351,0.578097462,0.21545458,4.070323,Sensitive
RPI1_L18,0.673055907,0.619817037,0.6148485,1.6612903,Sensitive
RPI1_L19,0.574314067,0.491898112,0.08313131,4.398387,Sensitive
RPI1_L20,0.889101394,0.323611896,0.90040404,1.5003226,Sensitive
RPI1_L22,0.392912267,0.617003973,0.01939392,1.3574195,Sensitive
RPI1_L23,0.725698003,0.295293457,0.909798,2.6467743,Sensitive
RPI1_L24,0.567078095,0.401124808,0.03777778,1.8212904,Sensitive
RPI1_M1,-0.107484194,1.113187881,-1.7376769,19.040806,Resistant
RPI1_M2,-0.203544427,1.006976579,-2.640606,13.776129,Resistant
RPI1_M3,-0.277458118,1.009001468,-3.4472725,18.410805,Resistant
RPI1_M4,-0.180244865,1.077803847,-3.399394,16.5,Resistant
RPI1_M5,-0.167288091,1.056459668,-2.739192,15.798548,Resistant
RPI1_M6,-0.068439316,0.877625435,-2.7669697,15.049517,Resistant
RPI1_M7,-0.191677914,1.143662902,-2.0089898,10.258387,Resistant
RPI1_M8,-0.215301103,1.051348452,-2.1366668,10.968065,Resistant
RPI1_M9,-0.122795283,1.089412563,-1.4375758,9.975967,Resistant
RPI1_M10,-0.213349896,1.02289605,-3.129697,15.318709,Resistant
RPI1_M11,-0.15930099,1.072633221,-2.3344445,12.314838,Resistant
RPI1_M12,0.528638365,0.215495319,0.019797979,0.08741935,Resistant
RPI1_M13,-0.043019994,1.07956466,-2.233838,16.709839,Resistant
RPI1_M15,-0.25301382,1.07198668,-2.968182,16.475,Resistant
RPI1_M16,-0.142360709,0.985637202,-4.0235353,17.804195,Resistant
RPI1_M18,-0.181349886,1.1103014,-4.0648484,26.25613,Resistant
RPI1_M19,-0.17268844,1.11250195,-3.1740403,18.223549,Resistant
RPI1_M20,-0.242723356,1.118569568,-3.039091,18.228226,Resistant
RPI1_M21,-0.205451699,0.917277102,-1.6117172,8.081129,Resistant
RPI1_M22,0.05404922,0.889798382,-1.71899,9.678387,Resistant
RPI1_M23,-0.236245679,1.153050657,-1.5224242,9.546129,Resistant
RPI1_M24,-0.221132449,1.140395269,-2.8355556,13.263709,Resistant
RPI1_N1,-0.129057497,0.874693545,-1.8498989,8.533226,Resistant
RPI1_N2,-0.036316743,1.048957166,-1.7697978,19.33871,Resistant
RPI1_N3,-0.196278025,1.158803288,-2.1760604,12.556452,Resistant
RPI1_N4,-0.0840811,0.920657529,-1.6868687,8.986612,Resistant
RPI1_N5,0.0072259,0.831916828,-3.3169694,15.559354,Resistant
RPI1_N6,0.015348769,1.050749496,-2.6089897,17.393064,Resistant
RPI1_N7,-0.23944553,1.184334361,-2.6543434,14.94516,Resistant
RPI1_N8,-0.08575843,0.920164671,-1.66101,6.623387,Resistant
RPI1_N9,-0.174964481,1.12567799,-2.7144444,17.104033,Resistant
RPI1_N10,-0.124736071,1.032178013,-1.7056566,8.6459675,Resistant
RPI1_N11,-0.191013741,1.149157673,-2.7627273,14.6529045,Resistant
RPI1_N13,-0.136281091,0.961832589,-2.2433333,14.592903,Resistant
RPI1_N14,-0.059322144,1.151872762,-1.9072727,12.589031,Resistant
RPI1_N15,0.313950174,0.949675886,0.004040405,0.59435487,Resistant
RPI1_N16,-0.008151093,1.067076053,-2.0957575,16.118065,Resistant
RPI1_N17,-0.002803725,1.015661764,-1.3460605,10.488871,Resistant
RPI1_N18,0.007251071,1.129566824,-2.5668688,19.86,Resistant
RPI1_N19,-0.104648123,1.180782555,-1.849293,10.356452,Resistant
RPI1_N20,-0.005764315,0.996925745,-3.269596,22.858227,Resistant
RPI1_N21,-0.057094751,1.153233767,-1.3574748,7.766452,Resistant
RPI1_N22,-0.235051074,0.98609225,-1.92,11.594355,Resistant
RPI1_N23,-0.18185374,1.117603256,-2.5673738,12.817097,Resistant
RPI1_N24,-0.095887461,1.023520389,-1.2379799,8.335,Resistant
RPI1_O1,-0.165064893,1.083041561,-2.571515,13.429194,Resistant
RPI1_O2,-0.109850864,0.972203673,-2.2344444,11.3403225,Resistant
RPI1_O3,-0.148306053,0.664687179,-0.027979799,0.15564516,Resistant
RPI1_O4,-0.208585172,1.117091444,-2.5228283,14.49,Resistant
RPI1_O5,-0.182698348,0.932240007,-3.3139396,12.94871,Resistant
RPI1_O6,-0.114298222,1.043273514,-2.957576,21.584677,Resistant
RPI1_O7,-0.261810598,1.072249835,-5.850606,28.874355,Resistant
RPI1_O8,-0.174236752,0.910711929,-2.0526261,8.5014515,Resistant
RPI1_O9,0.121076365,0.956538989,-1.6273738,8.559839,Resistant
RPI1_O10,-0.275257789,1.087939401,-1.8649496,10.593064,Resistant
RPI1_O11,-0.270879636,1.125385391,-2.0861616,11.674355,Resistant
RPI1_O12,-0.129940436,0.864330015,-1.809596,8.036613,Resistant
RPI1_O13,-0.265140762,0.96662227,-1.6330303,8.52387,Resistant
RPI1_O14,-0.213713695,0.973998582,-1.6548486,9.29129,Resistant
RPI1_O15,-0.287947629,1.044421979,-2.331212,11.517742,Resistant
RPI1_O16,-0.127275855,0.932503183,-2.9955554,12.545967,Resistant
RPI1_O17,-0.062951433,1.063296251,-2.2874746,12.25742,Resistant
RPI1_O18,-0.253210741,0.974648816,-3.307374,13.738548,Resistant
RPI1_O19,-0.209975878,1.155947134,-2.340101,14.63484,Resistant
RPI1_O20,-0.052341451,0.918928898,-3.767576,20.748226,Resistant
RPI1_O21,-0.070122434,0.903968322,-2.1515152,11.101774,Resistant
RPI1_O22,0.246463412,0.424937609,0.02212121,0.17903227,Resistant
RPI1_O24,0.024048338,0.872932462,-0.14383839,1.3106451,Sensitive
RPI1_P3,-0.118436343,0.950115178,-1.5060605,7.182903,Resistant
RPI1_P4,0.210026319,0.328265557,-0.002727274,0.07548387,Resistant
RPI1_P5,-0.248501744,1.131279306,-2.19798,10.585322,Resistant
RPI1_P6,0.140135004,0.097618986,-0.033030305,0.05145161,Sensitive
RPI1_P7,0.21904383,0.73133565,-0.05575758,0.31854838,Resistant
RPI1_P8,-0.13727537,0.872449521,-1.8466668,6.8567743,Resistant
RPI1_P9,-0.174455552,1.062731352,-1.1123233,5.387258,Resistant
RPI1_P10,-0.219243847,1.074474557,-1.9965656,11.009032,Resistant
RPI1_P12,-0.197538355,1.041501564,-2.9064646,14.661129,Resistant
RPI1_P13,-0.052840443,0.23152411,-0.002727274,0.0717742,Resistant
RPI1_P14,-0.142071875,1.06671239,-1.7926261,9.989194,Resistant
RPI1_P15,-0.188014612,0.988014698,-2.5792933,12.524355,Resistant
RPI1_P16,-0.173901081,0.911295831,-2.1868687,9.078548,Resistant
RPI1_P17,-0.039030594,1.10308696,-1.6472728,7.205162,Resistant
RPI1_P18,-0.201858378,0.975610483,-1.0574749,5.7895164,Resistant
RPI1_P19,-0.279845593,0.971074994,-1.930606,8.082258,Resistant
RPI1_P20,-0.193194653,1.043760773,-1.0950506,4.520161,Resistant
RPI1_P22,-0.056976087,0.909215985,-0.97,3.9874194,Resistant
RPI3_A3,-0.102641366,1.057736485,-1.9444444,12.795,Resistant
RPI3_A4,-0.247653605,1.204449465,-2.4705052,15.469517,Resistant
RPI3_A5,-0.15240695,0.959238353,-1.5648485,7.6883874,Resistant
RPI3_A6,-0.261537418,1.227827398,-2.26202,14.875806,Resistant
RPI3_A7,-0.095243233,1.159274884,-1.1975758,7.31629,Resistant
RPI3_A8,-0.271080683,1.328409891,-2.1881819,13.500806,Resistant
RPI3_A9,-0.098112382,1.266939824,-0.9415151,7.031452,Resistant
RPI3_A10,-0.271549808,1.095388654,-4.5185857,22.921936,Resistant
RPI3_A11,-0.103208372,1.172631907,-1.8159597,10.809839,Resistant
RPI3_A12,-0.223530581,1.161930681,-2.0458586,12.425484,Resistant
RPI3_A13,-0.133707869,1.198330779,-1.6155555,10.30242,Resistant
RPI3_A14,-0.225558376,1.138690196,-1.9328283,12.313387,Resistant
RPI3_A15,-0.117447088,0.959744604,-0.92838377,6.818226,Resistant
RPI3_A16,-0.122121285,1.147423502,-1.319394,8.506774,Resistant
RPI3_A18,-0.292811572,1.014864331,-2.1932325,10.955645,Resistant
RPI3_A19,-0.361194031,1.192449155,-1.1844444,6.679355,Resistant
RPI3_A20,-0.225537604,1.094138372,-3.020101,13.927097,Resistant
RPI3_A21,-0.241179374,1.134422402,-1.739091,10.002258,Resistant
RPI3_A22,0.082777409,0.778326973,-0.01787879,0.13951613,Resistant
RPI3_B1,-0.115525432,1.162620064,-1.5780809,8.450162,Resistant
RPI3_B2,-0.297711209,0.981936725,-1.2671716,6.823064,Resistant
RPI3_B3,-0.188211819,1.196060163,-0.970808,5.669032,Resistant
RPI3_B4,-0.369460108,1.222608853,-2.6827273,13.246935,Resistant
RPI3_B5,-0.211044096,1.037015279,-1.5027273,7.267903,Resistant
RPI3_B6,0.067183773,0.147116003,-0.035353534,0.063548386,Sensitive
RPI3_B7,0.164974925,1.087206662,-0.5533334,5.4075804,Resistant
RPI3_B8,-0.224671409,1.136820596,-1.9737374,8.966936,Resistant
RPI3_B9,-0.246968344,1.133028117,-1.650707,10.432419,Resistant
RPI3_B10,-0.201125795,1.140900402,-1.7892929,10.775644,Resistant
RPI3_B11,0.010270405,0.948977924,-1.5257576,10.780484,Resistant
RPI3_B12,-0.149622422,1.058174373,-1.1423233,5.8762903,Resistant
RPI3_B13,-0.214340331,1.126827675,-1.8442426,10.813871,Resistant
RPI3_B14,-0.149010083,1.092569168,-2.20303,15.680645,Resistant
RPI3_B16,-0.203717465,1.195309034,-1.6345456,9.82258,Resistant
RPI3_B17,-0.358511708,1.161108593,-2.3474746,10.785322,Resistant
RPI3_B18,-0.316908999,1.206553235,-1.9162626,9.188548,Resistant
RPI3_B19,-0.023835385,0.992871204,-0.75030303,6.6993546,Resistant
RPI3_B20,-0.376051251,1.237110407,-1.4470707,7.7259674,Resistant
RPI3_B21,-0.093973205,1.046405637,-1.1114142,5.051129,Resistant
RPI3_B22,-0.297588639,1.088009682,-1.5232322,8.005484,Resistant
RPI3_B23,-0.155710859,0.647571185,-0.01787879,0.18758065,Resistant
RPI3_B24,-0.268711327,1.109344556,-1.4961616,9.151129,Resistant
RPI3_C1,-0.188019642,1.078714497,-0.9358586,5.514516,Resistant
RPI3_C2,-0.339355484,1.018495418,-1.6301011,9.197903,Resistant
RPI3_C3,0.274126293,0.852683498,0.6168686,2.970161,Sensitive
RPI3_C4,-0.270291509,1.042952659,-1.9124243,10.348226,Resistant
RPI3_C5,-0.097139121,1.017842272,-2.0510101,8.207258,Resistant
RPI3_C6,0.027883546,0.86540947,-1.2674747,9.402098,Resistant
RPI3_C7,0.010489667,0.178732021,-0.015353534,0.023548387,Resistant
RPI3_C8,-0.092101023,0.951778997,-2.5742426,12.456775,Resistant
RPI3_C9,-0.114860909,0.332368342,-0.02020202,0.08758065,Sensitive
RPI3_C10,-0.277946581,0.981178932,-3.1382828,13.895,Resistant
RPI3_C11,-0.208557221,1.104482262,-2.8121214,15.431129,Resistant
RPI3_C12,-0.073919701,1.019341583,-2.7908082,13.891774,Resistant
RPI3_C13,0.209052018,0.850032806,-0.3620202,3.8420968,Sensitive
RPI3_C14,-0.320472576,1.251331869,-2.5028284,17.46242,Resistant
RPI3_C15,-0.265743777,1.082807024,-1.10899,6.355322,Resistant
RPI3_C16,-0.19363531,1.256871231,-0.91212124,5.474032,Resistant
RPI3_C17,-0.084398746,1.020298483,-1.3551514,7.0582256,Resistant
RPI3_C18,0.101128184,0.801586117,0.047070682,2.421613,Sensitive
RPI3_C19,-0.303617627,1.117320056,-2.6218183,14.991129,Resistant
RPI3_C20,0.214540926,0.42600177,0.007171717,0.09129033,Resistant
RPI3_C21,-0.267223509,1.044595571,-1.030606,4.609355,Resistant
RPI3_C22,-0.263443664,1.036018934,-3.0763636,15.640968,Resistant
RPI3_C23,-0.047070074,0.923054844,-1.7657576,9.98258,Resistant
RPI3_C24,-0.297930705,1.139706376,-3.3780806,18.685162,Resistant
RPI3_D1,-0.125429652,0.926764332,-1.5469698,10.368387,Resistant
RPI3_D2,-0.26414481,1.07841067,-1.4680808,7.441129,Resistant
RPI3_D3,-0.204607282,1.166430425,-1.4163637,10.02742,Resistant
RPI3_D4,-0.23381577,1.063938212,-1.5667677,8.61113,Resistant
RPI3_D5,-0.161656349,0.99756063,-2.011919,9.94113,Resistant
RPI3_D6,-0.118411195,1.087610211,-1.3425252,8.369678,Resistant
RPI3_D7,-0.025884941,0.939876735,-0.8586869,6.0150003,Resistant
RPI3_D8,-0.084605545,1.100086222,-0.9381819,6.0711293,Resistant
RPI3_D9,-0.058633756,0.966587815,-0.9147474,7.14258,Resistant
RPI3_D10,0.00460888,1.110822652,-0.6773737,6.043064,Resistant
RPI3_D11,-0.035775807,0.840700243,-0.82858586,3.118226,Resistant
RPI3_D12,-0.212516157,1.07075993,-2.631212,12.43871,Resistant
RPI3_D13,0.15070081,0.289411475,-0.005252525,0.1432258,Resistant
RPI3_D14,-0.255543681,1.14618589,-2.08899,11.820644,Resistant
RPI3_D15,-0.100876046,0.990987115,-1.2664646,7.115,Resistant
RPI3_D16,-0.129404538,1.085986352,-1.1971717,5.4680643,Resistant
RPI3_D17,-0.211487664,1.109902628,-1.4852526,8.231452,Resistant
RPI3_D18,-0.249111362,1.022962979,-1.339798,7.8901615,Resistant
RPI3_D19,-0.328346835,1.248707572,-1.1819192,6.575968,Resistant
RPI3_D20,-0.214049851,1.151139309,-1.3121213,7.589032,Resistant
RPI3_D21,-0.149330174,1.176140239,-2.2220201,13.121128,Resistant
RPI3_D22,-0.120890165,1.082393886,-2.8061619,16.74758,Resistant
RPI3_E1,0.560292473,0.551311538,1.7768688,4.084194,Sensitive
RPI3_E2,0.611880059,0.457170762,1.1994948,4.8258066,Sensitive
RPI3_E3,0.254513582,0.167192816,0.044848483,0.05580645,Resistant
RPI3_E4,0.659641643,0.420172867,0.78020203,0.973871,Sensitive
RPI3_E5,0.738411335,0.631776492,4.095252,11.467742,Sensitive
RPI3_E6,0.629095507,0.708116907,1.4300001,5.323226,Sensitive
RPI3_E7,0.735013243,0.446641956,2.9141414,5.735484,Sensitive
RPI3_E8,0.654547517,0.536931118,2.0701008,3.8759677,Sensitive
RPI3_E9,0.761177133,0.500458301,2.1022224,3.291129,Sensitive
RPI3_E10,0.757593701,0.33102015,0.9705051,0.98612905,Sensitive
RPI3_E11,0.781578949,0.176030099,1.4961617,1.0458064,Sensitive
RPI3_E12,0.91848254,0.313589493,3.3998988,2.4011292,Sensitive
RPI3_E13,0.603602345,0.471271768,1.4836361,6.0141935,Sensitive
RPI3_E14,0.717673256,0.437497307,1.7567675,3.774516,Sensitive
RPI3_E15,0.979832531,0.3752911,3.0685859,1.5382259,Sensitive
RPI3_E16,0.873222686,0.491081462,2.4307072,4.050806,Sensitive
RPI3_E17,0.718925615,0.407535315,1.568788,4.2045164,Sensitive
RPI3_E18,0.791620189,0.482998373,2.9547474,4.9288707,Sensitive
RPI3_E19,0.793039863,0.340743626,1.180101,2.1109674,Sensitive
RPI3_E20,0.926242365,0.472263961,2.6625254,1.263871,Sensitive
RPI3_E21,0.168782389,0.021610368,0.012222221,0.059677422,Resistant
RPI3_E22,0.529967449,0.621762763,1.0281819,3.7183871,Sensitive
RPI3_E23,0.580062636,0.49239151,1.2325253,3.825645,Sensitive
RPI3_E24,0.96008865,0.554273695,3.1486871,4.77629,Sensitive
RPI3_F1,0.819618861,0.490055822,2.3177776,4.520484,Sensitive
RPI3_F2,0.547908845,0.560670336,0.871212,3.9929032,Sensitive
RPI3_F3,0.686280316,0.473412255,0.909495,2.8453224,Sensitive
RPI3_F4,0.461231968,0.574675409,0.39636362,2.434516,Sensitive
RPI3_F5,0.954206519,0.40480446,3.412121,3.001452,Sensitive
RPI3_F6,0.773081218,0.513514458,0.5017172,1.5232257,Sensitive
RPI3_F7,0.602225764,0.44875429,1.3861616,4.2538714,Sensitive
RPI3_F8,0.615494672,0.522496183,0.9878788,2.3238711,Sensitive
RPI3_F9,0.67055658,0.462389568,2.2476768,5.7808065,Resistant
RPI3_F10,0.667539168,0.458442404,1.29,2.3548386,Sensitive
RPI3_F11,0.786638467,0.568339725,1.0762627,2.0548387,Sensitive
RPI3_F12,0.477721037,0.498888587,1.8875759,6.4861293,Sensitive
RPI3_F13,1.048588516,0.312378742,4.7742424,4.506774,Sensitive
RPI3_F14,0.858540511,0.348714729,2.3509092,2.5579033,Sensitive
RPI3_F16,0.643380578,0.35373592,0.95525265,1.2940323,Sensitive
RPI3_F17,0.58266201,0.522199522,2.3116162,6.2401614,Sensitive
RPI3_F18,0.694555793,0.416967869,1.3257575,4.084032,Sensitive
RPI3_F19,0.694788744,0.391710488,2.3262625,4.3791933,Sensitive
RPI3_F20,0.770200368,0.358052912,1.0832323,2.8464515,Sensitive
RPI3_F21,0.78465042,0.692365588,1.340303,4.50371,Sensitive
RPI3_F22,0.649459967,0.357411187,0.24505052,0.7043548,Sensitive
RPI3_F23,0.692384081,0.487660794,3.561111,4.5862904,Sensitive
RPI3_F24,0.720473508,0.61688338,0.4619192,1.1170968,Sensitive
RPI3_G1,0.434185998,0.387018098,0.23000002,4.245645,Sensitive
RPI3_G2,0.517089488,0.567150175,0.4588889,2.8459675,Sensitive
RPI3_G3,0.794625297,0.365108677,1.3483838,2.2248385,Sensitive
RPI3_G4,0.527468817,0.402141856,1.4757576,4.1987095,Sensitive
RPI3_G5,0.842276501,0.267458643,1.440808,2.963387,Sensitive
RPI3_G6,0.627472523,0.450859414,0.7601011,3.505806,Sensitive
RPI3_G7,0.63922708,0.379170909,1.5793941,2.5,Sensitive
RPI3_G8,0.646986035,0.602569307,1.5367676,3.5198386,Sensitive
RPI3_G9,0.561129297,0.441552197,0.46909082,2.3275807,Sensitive
RPI3_G10,0.659908089,0.30567331,2.5740404,6.999033,Sensitive
RPI3_G11,0.830529074,0.479435136,1.1045456,2.704032,Sensitive
RPI3_G12,1.137935253,0.311104168,1.5349495,0.78903234,Sensitive
RPI3_G13,0.82966689,0.304554803,0.64,1.253387,Sensitive
RPI3_G14,0.751013278,0.525432599,0.890808,3.1224196,Sensitive
RPI3_G15,0.674709556,0.350221249,1.0496969,4.9246774,Sensitive
RPI3_G16,1.052270774,0.46321287,2.9065657,2.8243551,Sensitive
RPI3_G17,0.941032405,0.403579694,2.2994947,2.5290325,Sensitive
RPI3_G18,0.779479809,0.422243201,2.0962625,4.0764523,Sensitive
RPI3_G19,0.585319287,0.501100681,0.7842424,4.2985487,Sensitive
RPI3_G20,0.682080698,0.589855401,1.4652526,2.862258,Sensitive
RPI3_G21,0.855228097,0.216147334,1.2738385,1.3146775,Sensitive
RPI3_G22,0.72250669,0.299415305,1.5712122,2.254355,Sensitive
RPI3_G23,0.629937255,0.375030438,0.95525265,2.707097,Sensitive
RPI3_G24,0.704684858,0.335065574,0.9868686,2.1285484,Sensitive
RPI3_H1,0.642353884,0.378654514,1.1653535,2.824677,Sensitive
RPI3_H2,0.625868124,0.382848315,0.97373724,2.7370968,Sensitive
RPI3_H3,0.675612473,0.433574351,1.3515152,3.5856452,Sensitive
RPI3_H4,0.800536624,0.287226926,1.1617172,1.2432258,Sensitive
RPI3_H5,0.796320064,0.397010615,1.4676768,1.8306451,Sensitive
RPI3_H6,0.924295183,0.482129173,1.6003029,1.8893547,Sensitive
RPI3_H7,0.793297563,0.376013472,2.0869696,2.7561288,Sensitive
RPI3_H8,0.859632927,0.403409833,1.1952524,0.78693557,Sensitive
RPI3_H9,0.618841258,0.51600179,0.5667677,1.9048387,Sensitive
RPI3_H10,0.521749687,0.532134421,1.0632324,3.4483871,Sensitive
RPI3_H11,0.709946979,0.441572432,0.83717155,2.8904839,Sensitive
RPI3_H12,0.568221954,0.437310735,0.60080814,3.5670972,Sensitive
RPI3_H13,0.595661871,0.326035322,0.5001011,3.1762905,Sensitive
RPI3_H15,0.6031102,0.447686358,0.71030307,2.4058063,Sensitive
RPI3_H16,0.640220079,0.477660415,1.750505,6.4403224,Sensitive
RPI3_H17,0.712552366,0.463988961,0.45434344,1.782742,Sensitive
RPI3_H18,0.794696904,0.500980456,1.3959595,1.9979033,Sensitive
RPI3_H19,0.614989885,0.502734468,0.9586868,2.1509678,Sensitive
RPI3_H20,0.724485096,0.471139451,0.8864647,1.7874196,Sensitive
RPI3_H21,0.644011574,0.367513879,0.9207071,0.8824192,Sensitive
RPI3_H22,1.05256963,0.345543935,2.161111,1.6012905,Sensitive
RPI3_H23,0.569707296,0.33161022,0.49616158,1.9935486,Sensitive
RPI3_H24,0.169911915,0.170373177,-0.01010101,0.03967742,Resistant
RPI3_I1,0.904597651,0.417852003,1.3376768,1.9454838,Sensitive
RPI3_I2,0.161906165,0.045748612,-0.002929293,0.015645161,Sensitive
RPI3_I3,1.008598868,0.189432321,3.0506058,2.8096774,Sensitive
RPI3_I4,0.793762823,0.287531067,1.2446464,1.4056451,Sensitive
RPI3_I5,1.045601052,0.604970043,1.9774747,1.3032259,Sensitive
RPI3_I6,0.836402201,0.457558057,1.6835352,2.310484,Sensitive
RPI3_I7,0.613720669,0.462198492,1.1832323,3.3722582,Sensitive
RPI3_I8,0.578986426,0.417182816,1.0919193,2.6212904,Sensitive
RPI3_I10,1.23910002,0.53043114,2.5765657,0.75903225,Sensitive
RPI3_I11,0.601878103,0.373846637,3.6445456,4.0624194,Sensitive
RPI3_I12,0.838822332,0.29530204,4.979596,4.195323,Sensitive
RPI3_I13,0.653638631,0.462993018,1.2897979,3.0130646,Sensitive
RPI3_I14,0.743744842,0.331009919,2.3840404,2.3612902,Sensitive
RPI3_I15,0.997495183,0.402360836,2.5140405,2.247097,Sensitive
RPI3_I16,0.805298066,0.548999741,0.94777775,1.6303225,Sensitive
RPI3_I17,0.833628578,0.158793402,1.5756565,0.30693555,Sensitive
RPI3_I18,0.535726778,0.651879075,0.98,2.5935485,Sensitive
RPI3_I19,0.890436025,0.502548976,2.2222223,2.495,Sensitive
RPI3_I20,0.562085552,0.269221308,2.4477777,3.2183871,Sensitive
RPI3_I21,0.364354986,0.4962807,0.11080809,0.14064518,Sensitive
RPI3_I22,0.804455287,0.237198123,1.6088889,1.9220967,Sensitive
RPI3_I23,0.556056885,0.514562941,1.2837374,1.815484,Sensitive
RPI3_I24,0.662320941,0.509410248,0.98,3.1646774,Sensitive
RPI3_J1,0.895429298,0.480529134,1.71101,2.8743548,Sensitive
RPI3_J2,0.862586048,0.48031675,0.74111116,2.436129,Sensitive
RPI3_J3,0.624664201,0.513395502,0.44515145,1.9259675,Sensitive
RPI3_J4,0.747210781,0.313820569,0.968081,2.4235482,Sensitive
RPI3_J5,0.793690754,0.683389565,0.9107071,2.0753226,Sensitive
RPI3_J6,0.74666973,0.365038154,0.69,0.636129,Sensitive
RPI3_J7,0.737772988,0.241117845,1.1368687,0.48048383,Sensitive
RPI3_J8,0.953554596,0.556563016,1.6828284,1.1185484,Sensitive
RPI3_J9,0.852812761,0.287530108,0.97616166,0.9364517,Sensitive
RPI3_J10,0.638355223,0.339332401,1.869596,3.1540325,Sensitive
RPI3_J11,1.01079016,0.371531441,1.9933335,1.4614515,Sensitive
RPI3_J12,0.664587316,0.457179091,3.249394,3.9767742,Sensitive
RPI3_J13,0.651986876,0.417019818,1.2938385,2.713387,Sensitive
RPI3_J14,0.751488385,0.450596826,1.1291919,1.7712902,Sensitive
RPI3_J15,0.649126716,0.277366493,0.450606,0.99629045,Sensitive
RPI3_J16,0.710938456,0.31692777,0.9384848,1.4783869,Sensitive
RPI3_J18,0.450890565,0.507951487,0.57171714,2.0456452,Sensitive
RPI3_J19,0.913037343,0.587869913,1.2686868,1.2838709,Sensitive
RPI3_J20,0.953663243,0.268997315,1.9868686,0.45467734,Sensitive
RPI3_J21,0.827044716,0.542074524,0.899192,2.3203228,Sensitive
RPI3_J22,0.756554294,0.368178266,1.4252527,2.1970968,Sensitive
RPI3_J23,0.500547889,0.416891421,0.28787878,0.32129034,Sensitive
RPI3_J24,0.61310011,0.569670483,0.29595965,1.8043548,Sensitive
RPI3_K1,0.828695404,0.271655691,1.9031312,1.262742,Sensitive
RPI3_K2,0.881756007,0.317207756,1.8926264,1.5032258,Sensitive
RPI3_K3,0.526832438,0.453306275,0.36313128,1.9312904,Sensitive
RPI3_K4,0.50262279,0.380799576,0.47797972,1.068871,Sensitive
RPI3_K7,0.937094635,0.463537369,0.75272727,1.1827419,Sensitive
RPI3_K8,0.866493878,0.467713623,2.2165656,3.6280644,Sensitive
RPI3_K9,0.773669931,0.64035518,0.6641414,1.5108066,Sensitive
RPI3_K10,0.697364105,0.261919245,0.9544444,1.9040325,Sensitive
RPI3_K11,0.670505194,0.422855493,1.0466667,2.9251616,Sensitive
RPI3_K12,0.301463783,0.440733252,0.03909087,2.6585486,Sensitive
RPI3_K13,0.586000447,0.505972751,1.2480808,2.8698385,Sensitive
RPI3_K15,0.894100031,0.384339637,1.1454544,1.924355,Sensitive
RPI3_K18,0.671266161,0.320756389,0.4445455,1.487742,Sensitive
RPI3_K20,0.691744275,0.32930833,1.1852527,3.9451613,Sensitive
RPI3_K21,0.712202866,0.304607686,0.79686856,3.609355,Sensitive
RPI3_K22,1.113181037,0.286673286,3.7579799,2.8527422,Sensitive
RPI3_K23,0.592117448,0.391585016,0.17393935,1.03,Sensitive
RPI3_K24,1.190166228,0.322834034,1.4879799,1.6348387,Sensitive
RPI3_L1,0.827176148,0.572386666,1.1141415,2.3558066,Sensitive
RPI3_L2,0.583794446,0.453539197,0.4025253,2.4979033,Sensitive
RPI3_L3,1.178378305,0.789489865,1.6979799,1.6369355,Sensitive
RPI3_L4,0.8830868,0.340502173,1.3772728,1.6459678,Sensitive
RPI3_L5,0.7507303,0.489186969,0.7122222,2.4406452,Sensitive
RPI3_L6,0.844290097,0.287100987,2.3282828,2.2161288,Sensitive
RPI3_L8,0.659281492,0.455471369,1.0179799,3.9850001,Sensitive
RPI3_L9,0.666099816,0.59224783,0.8375757,3.67,Sensitive
RPI3_L10,1.037689254,0.338693363,1.1427271,0.76080656,Sensitive
RPI3_L11,0.86535501,0.232625922,1.5248485,2.475,Sensitive
RPI3_L12,0.521248682,0.471965146,0.34242415,5.1314516,Sensitive
RPI3_L13,0.721774474,0.300678699,1.0281819,1.682903,Sensitive
RPI3_L14,0.698148119,0.449897518,0.48020208,3.8887098,Sensitive
RPI3_L17,0.677178692,0.4520121,0.5820202,1.1996775,Sensitive
RPI3_L18,0.752009431,0.390931734,0.9088888,1.4032259,Sensitive
RPI3_L19,0.702904804,0.433944211,0.4150505,2.2259676,Sensitive
RPI3_L20,0.734121003,0.401168629,0.95525265,1.5343549,Sensitive
RPI3_L22,0.655847828,0.242412661,1.3788888,2.0008066,Sensitive
RPI3_L23,0.608647275,0.392270278,0.5091919,0.3396774,Sensitive
RPI3_L24,0.766989363,0.499556234,0.41575754,0.8893549,Sensitive
RPI3_M1,-0.231688374,1.112815599,-4.443535,29.25613,Resistant
RPI3_M2,-0.202645273,1.15774655,-3.0348485,19.246452,Resistant
RPI3_M3,-0.104175149,1.014917712,-1.4656566,9.342096,Resistant
RPI3_M4,-0.178151244,1.168568131,-2.8988888,20.585968,Resistant
RPI3_M5,-0.119894552,0.962022949,-1.188687,9.25371,Resistant
RPI3_M6,-0.190896727,1.031120977,-2.7660604,17.775969,Resistant
RPI3_M7,0.032841222,1.124320045,-0.7061615,12.889517,Resistant
RPI3_M8,-0.078042951,0.883538854,-2.8504038,15.707257,Resistant
RPI3_M9,-0.315406963,1.151376182,-3.322626,17.577904,Resistant
RPI3_M10,-0.226113427,1.200055228,-2.9135354,18.193226,Resistant
RPI3_M11,-0.18001787,1.153905603,-1.8720201,13.18758,Resistant
RPI3_M12,-0.21528292,1.09407034,-2.4995959,13.862742,Resistant
RPI3_M13,-0.107233103,1.090290127,-0.8908081,12.223064,Resistant
RPI3_M15,0.121664642,0.713692805,0.00151515,0.30209678,Sensitive
RPI3_M16,-0.092776594,1.021548008,-1.078788,9.157904,Resistant
RPI3_M18,-0.274472662,1.118000904,-1.8180809,10.492258,Resistant
RPI3_M19,-0.174018139,1.159598555,-2.9360604,18.510645,Resistant
RPI3_M20,-0.205443088,0.999268388,-2.2564645,14.682742,Resistant
RPI3_M21,-0.18070497,1.122204212,-1.6903031,10.76871,Resistant
RPI3_M22,-0.001648817,1.232279715,-1.5588889,10.624355,Resistant
RPI3_M23,0.431779844,0.980394175,-0.041414134,0.52225804,Sensitive
RPI3_M24,-0.15152573,1.090628133,-2.219798,13.185484,Resistant
RPI3_N1,-0.254237064,1.067794366,-2.578889,16.436129,Resistant
RPI3_N2,-0.180462093,1.080847132,-2.1021214,16.639677,Resistant
RPI3_N3,-0.184015865,1.09309231,-0.8114142,6.0982256,Resistant
RPI3_N4,-0.22119607,1.137731572,-2.4148486,13.775805,Resistant
RPI3_N5,-0.257714046,1.201055078,-2.6057575,18.025484,Resistant
RPI3_N6,-0.101765257,1.087454152,-2.3135355,12.725485,Resistant
RPI3_N7,-0.197398931,1.029807151,-2.648182,17.153387,Resistant
RPI3_N8,-0.169907929,0.958619526,-2.4243433,12.351128,Resistant
RPI3_N9,-0.216404491,1.069323473,-1.6294949,10.461452,Resistant
RPI3_N10,-0.247541062,1.127256605,-1.5472727,10.14242,Resistant
RPI3_N11,-0.26772006,1.117267118,-1.699091,12.378065,Resistant
RPI3_N13,-0.208434395,1.038398488,-3.7498991,20.476292,Resistant
RPI3_N14,-0.148515303,1.246078815,-1.8136363,11.529839,Resistant
RPI3_N15,-0.212969385,1.152356264,-3.6048484,26.614838,Resistant
RPI3_N16,0.067730317,1.192831157,-0.65797985,12.231774,Resistant
RPI3_N17,-0.237669688,1.059365969,-3.1377778,15.646773,Resistant
RPI3_N18,0.516445139,0.612675424,0.04656566,0.19080645,Sensitive
RPI3_N19,-0.140818725,1.117846186,-1.1822221,7.3208065,Resistant
RPI3_N20,-0.142677207,1.135558487,-1.9094949,12.6967745,Resistant
RPI3_N21,-0.126166235,1.141239219,-1.2539394,7.780322,Resistant
RPI3_N22,-0.027100716,1.169418077,-1.8242425,13.599516,Resistant
RPI3_N23,-0.177195243,1.207501129,-1.4129294,9.428871,Resistant
RPI3_N24,0.032733724,1.084794184,-0.094848484,1.3125806,Sensitive
RPI3_O1,-0.243056195,1.098864557,-2.3958585,14.096453,Resistant
RPI3_O2,-0.036630422,1.075294194,-1.2553535,10.483871,Resistant
RPI3_O3,-0.069771266,0.406974995,-0.053030305,0.13532257,Resistant
RPI3_O4,-0.153964469,0.996531618,-1.6634343,9.186129,Resistant
RPI3_O5,-0.040003292,1.020734371,-1.3153534,10.96629,Resistant
RPI3_O6,-0.080943947,0.948763963,-3.4863634,18.213226,Resistant
RPI3_O7,0.074308863,0.937961574,-1.3425254,7.0795164,Resistant
RPI3_O8,-0.291953515,1.046801869,-3.100202,16.615644,Resistant
RPI3_O9,-0.118162061,1.021280966,-1.7678788,10.496774,Resistant
RPI3_O10,-0.084106148,1.122756414,-1.9444444,13.702904,Resistant
RPI3_O11,-0.124869076,0.975042381,-1.6076767,12.75742,Resistant
RPI3_O12,-0.33557907,1.145231285,-1.6760604,11.32129,Resistant
RPI3_O13,-0.299999599,1.237301861,-1.6324242,9.055,Resistant
RPI3_O14,-0.233462267,1.090228906,-1.6286869,8.538226,Resistant
RPI3_O15,-0.157962924,1.035933522,-1.8574747,7.2370973,Resistant
RPI3_O16,-0.148741539,0.980145187,-2.9085858,15.439355,Resistant
RPI3_O17,0.060257452,1.06378979,-1.2323232,7.9733872,Resistant
RPI3_O18,-0.118086371,1.179393435,-1.600909,11.012258,Resistant
RPI3_O19,-0.153543458,1.108095628,-1.7815152,11.544678,Resistant
RPI3_O20,-0.210059897,1.023162792,-2.4304042,15.455484,Resistant
RPI3_O21,-0.110606363,1.055082987,-0.7007071,2.6359677,Resistant
RPI3_O22,0.217817702,0.358600807,0.037070706,0.16741934,Resistant
RPI3_O24,0.021720858,1.18214416,-0.14242426,1.2609677,Resistant
RPI3_P3,-0.189144554,0.858153786,-2.3795958,9.944194,Resistant
RPI3_P4,-0.203388356,0.930710043,-2.2027273,9.418064,Resistant
RPI3_P5,-0.241745452,1.090043238,-2.8757575,13.573065,Resistant
RPI3_P6,-0.242278043,1.034869411,-1.85899,8.1762905,Resistant
RPI3_P7,-0.244861171,1.044001977,-2.7225254,16.140162,Resistant
RPI3_P8,-0.182948761,1.031988919,-1.2625253,8.972742,Resistant
RPI3_P9,-0.469322747,1.060462273,-1.9320202,10.730322,Resistant
RPI3_P10,-0.244471465,0.969568445,-2.9948485,17.48355,Resistant
RPI3_P12,-0.117225685,0.961167562,-2.077273,9.887258,Resistant
RPI3_P14,-0.208584165,1.009695146,-2.088788,13.288711,Resistant
RPI3_P15,-0.044362993,1.159550286,-1.3481817,8.353065,Resistant
RPI3_P16,-0.080258438,0.854768851,-1.7191918,10.025322,Resistant
RPI3_P17,-0.226875754,1.043890363,-1.2442424,7.0311294,Resistant
RPI3_P18,-0.261165794,1.200975546,-1.120808,7.488871,Resistant
RPI3_P19,-0.184979155,1.10847802,-1.149899,6.6379027,Resistant
RPI3_P20,-0.177498287,1.113675069,-1.0802021,7.475806,Resistant
RPI3_P22,-0.144759386,1.014377526,-1.7231314,9.120484,Resistant
RPI5_A3,-0.283589465,1.103977835,-3.5947475,18.258709,Resistant
RPI5_A4,-0.309435051,1.128188585,-3.430606,15.463871,Resistant
RPI5_A5,-0.254862148,0.964326014,-2.3444443,10.012096,Resistant
RPI5_A6,-0.163371961,1.008649114,-3.7765656,15.667097,Resistant
RPI5_A7,-0.275886209,0.947908569,-2.018283,8.854194,Resistant
RPI5_A8,-0.146782618,1.0989077,-1.6280808,10.533226,Resistant
RPI5_A9,-0.23069415,1.268138439,-1.3188889,7.698226,Resistant
RPI5_A10,-0.267225917,1.15747749,-1.6750505,9.897097,Resistant
RPI5_A11,-0.084293411,1.099625821,-2.7560606,15.301453,Resistant
RPI5_A12,0.424788876,0.863504341,-0.026262619,0.3787097,Sensitive
RPI5_A13,-0.279164545,1.127051574,-3.3427274,16.024677,Resistant
RPI5_A14,-0.384883458,0.969609857,-4.0667677,16.947742,Resistant
RPI5_A15,-0.290438708,1.116868997,-3.4072726,17.236937,Resistant
RPI5_A16,-0.165371578,1.089157885,-2.1057575,11.970968,Resistant
RPI5_A18,0.180144196,0.8178097,0.04212121,0.13499999,Resistant
RPI5_A19,-0.222654454,0.992938087,-2.2615151,10.992742,Resistant
RPI5_A20,-0.325376698,1.163022048,-4.2361617,20.323547,Resistant
RPI5_A21,-0.221345548,0.988555687,-1.9433333,11.816128,Resistant
RPI5_A22,-0.063201641,0.549586997,0.007373737,0.13177419,Resistant
RPI5_B1,-0.153912257,1.157346723,-2.5820203,12.455324,Resistant
RPI5_B2,-0.271047858,1.171124309,-2.5233333,11.2524185,Resistant
RPI5_B3,-0.214125798,1.137971963,-2.9760604,15.112419,Resistant
RPI5_B4,-0.152186257,1.125466418,-1.9245455,11.724676,Resistant
RPI5_B5,-0.31249625,1.171611833,-2.778788,14.099516,Resistant
RPI5_B7,-0.348889557,0.996136347,-2.9884849,15.503387,Resistant
RPI5_B8,-0.16787202,1.066489039,-2.5959597,14.922581,Resistant
RPI5_B9,-0.172600267,1.085200958,-1.5458586,7.4679027,Resistant
RPI5_B10,-0.34041096,1.128264093,-3.2925253,14.246289,Resistant
RPI5_B11,-0.166350478,1.110637982,-1.6480808,8.073387,Resistant
RPI5_B12,0.603450662,0.766657457,0.029292934,0.3030645,Resistant
RPI5_B13,-0.27124083,0.968388669,-1.9259597,8.45258,Resistant
RPI5_B14,0.209118409,1.089077745,0.006767675,0.29112905,Resistant
RPI5_B16,-0.074996812,1.055455335,-1.618788,8.756613,Resistant
RPI5_B17,0.330482326,0.699486934,0.024444442,0.29919356,Sensitive
RPI5_B18,-0.197251205,1.139279547,-1.5398989,8.136291,Resistant
RPI5_B19,-0.265478367,1.002533258,-3.2530305,14.890968,Resistant
RPI5_B20,-0.005939383,0.911848791,-0.90626264,5.250645,Resistant
RPI5_B21,-0.276584829,1.193667807,-2.7107072,11.4253235,Resistant
RPI5_B22,-0.075475197,1.021132224,-0.9617171,5.8958063,Resistant
RPI5_B24,-0.167284172,0.957365673,-3.0591917,15.071936,Resistant
RPI5_C1,-0.237010717,0.992770911,-2.079495,9.035162,Resistant
RPI5_C2,-0.173597898,1.137083511,-1.6277777,7.538387,Resistant
RPI5_C3,-0.085605254,0.940957045,-1.9377778,8.11,Resistant
RPI5_C4,-0.235525443,0.969100233,-2.4894948,10.512096,Resistant
RPI5_C5,-0.215289929,1.081607017,-1.449394,8.290806,Resistant
RPI5_C6,-0.032408012,0.934158537,-2.1652527,10.157419,Resistant
RPI5_C7,-0.087793148,0.847228112,-0.032828283,0.16338709,Resistant
RPI5_C8,-0.334597293,1.051993261,-2.089091,12.03516,Resistant
RPI5_C9,0.008591957,0.668323008,-0.035353534,0.123548396,Resistant
RPI5_C10,-0.200206322,1.023723118,-2.8128283,13.696451,Resistant
RPI5_C11,-0.291053517,1.060601113,-2.2272727,10.65613,Resistant
RPI5_C12,-0.294199537,1.103596232,-3.8730307,21.51,Resistant
RPI5_C13,-0.060227069,0.938294791,-1.2336363,6.5725803,Resistant
RPI5_C14,-0.101639481,1.034154722,-1.6186869,7.532419,Resistant
RPI5_C15,-0.308494275,1.12937066,-3.5333335,16.183228,Resistant
RPI5_C16,-0.14680077,1.044487193,-1.4582828,6.785968,Resistant
RPI5_C17,-0.206282325,1.043976624,-1.721313,10.7124195,Resistant
RPI5_C18,-0.309268654,1.101040708,-3.7223232,19.28484,Resistant
RPI5_C19,-0.252695883,1.03817748,-1.7785859,9.33871,Resistant
RPI5_C20,0.027833937,0.523687801,0.012222221,0.15967742,Resistant
RPI5_C21,-0.255331278,1.093296141,-1.7791919,9.874355,Resistant
RPI5_C22,-0.229539877,1.018760784,-1.7586869,10.06371,Resistant
RPI5_C23,-0.221285238,1.160547238,-1.9864645,11.254193,Resistant
RPI5_C24,-0.349574435,1.172018155,-4.0488887,18.747257,Resistant
RPI5_D1,-0.26431617,1.013186565,-3.3162627,15.959032,Resistant
RPI5_D2,-0.043698006,0.977899377,-1.5351515,7.4780645,Resistant
RPI5_D3,-0.255164698,1.044830042,-1.8747474,9.222097,Resistant
RPI5_D4,-0.099518522,0.924534718,-2.4201012,11.443709,Resistant
RPI5_D5,-0.231918017,1.023707788,-3.9037373,19.680485,Resistant
RPI5_D6,-0.182247011,1.046487304,-2.2338386,10.919516,Resistant
RPI5_D7,-0.1844509,1.18185823,-1.7140403,8.413226,Resistant
RPI5_D8,-0.281294693,1.055058963,-2.2377777,9.200322,Resistant
RPI5_D9,0.014500161,1.053539338,-0.6082828,4.78129,Resistant
RPI5_D10,-0.315844631,0.928217913,-2.439798,11.578064,Resistant
RPI5_D11,-0.163921174,0.834918906,-3.7340403,13.37742,Resistant
RPI5_D12,0.039334522,0.876299906,-1.4969697,7.967581,Resistant
RPI5_D13,-0.140231622,0.44318386,-0.04040404,0.12741935,Resistant
RPI5_D14,-0.02477517,0.902941864,-1.8297981,9.733065,Resistant
RPI5_D15,-0.25648419,0.845381272,-2.4336362,8.240968,Resistant
RPI5_D16,-0.346390165,1.052630869,-2.9234343,15.358549,Resistant
RPI5_D17,-0.288884032,1.113621724,-2.8831313,12.867257,Resistant
RPI5_D18,0.117870984,0.790928002,-1.0455556,4.807742,Sensitive
RPI5_D19,-0.186772813,0.981275636,-2.2063637,10.423226,Resistant
RPI5_D20,-0.118332436,0.645877474,-1.5572727,7.2358065,Resistant
RPI5_D21,-0.281328056,0.95211797,-3.3637373,15.696613,Resistant
RPI5_D22,-0.125135962,1.074797801,-1.8970706,10.068548,Resistant
RPI5_E1,0.72773316,0.595920436,1.0172727,3.6630647,Sensitive
RPI5_E2,0.769835168,0.457741098,3.071414,6.664677,Sensitive
RPI5_E4,0.579707664,0.469174347,1.3688889,5.93371,Sensitive
RPI5_E5,0.792343834,0.350792525,2.5488887,4.744194,Sensitive
RPI5_E6,0.868489321,0.579539489,2.429899,5.944677,Sensitive
RPI5_E7,0.703909641,0.394584255,1.1960607,5.329839,Sensitive
RPI5_E8,0.779945183,0.411728392,2.54,3.7774193,Sensitive
RPI5_E9,0.843639307,0.327691663,1.6431313,3.6674192,Sensitive
RPI5_E10,0.722876272,0.440642673,1.3222222,4.6066127,Sensitive
RPI5_E11,0.755595919,0.432935599,1.8351517,4.090161,Sensitive
RPI5_E12,0.526436614,0.511219138,0.61565685,7.252419,Sensitive
RPI5_E13,0.903453398,0.426392454,2.7559595,3.9698384,Sensitive
RPI5_E14,0.628408734,0.440629519,1.7929294,3.6501613,Sensitive
RPI5_E15,0.816651347,0.364533472,2.1294947,3.3103225,Sensitive
RPI5_E16,0.80777185,0.407405804,2.62899,5.947903,Sensitive
RPI5_E17,0.70540163,0.385890649,1.4780809,4.054516,Sensitive
RPI5_E18,0.778451234,0.321878763,2.6123233,5.14629,Sensitive
RPI5_E19,0.652610428,0.565860073,2.1565657,3.9909675,Sensitive
RPI5_E20,0.679084282,0.592923923,1.0181819,1.8004838,Sensitive
RPI5_E22,0.691801292,0.368117842,2.226364,3.0145159,Sensitive
RPI5_E23,0.808912508,0.406112095,3.5079799,6.3406453,Sensitive
RPI5_E24,0.824260962,0.374440484,3.7619193,4.898871,Sensitive
RPI5_F1,0.558294212,0.523964395,1.2590909,10.101291,Sensitive
RPI5_F2,0.755798043,0.448370235,1.1134343,3.1724193,Sensitive
RPI5_F3,0.460129397,0.397422759,1.0829293,2.825645,Sensitive
RPI5_F4,0.693849685,0.231859349,0.899192,1.6877418,Sensitive
RPI5_F5,0.640945313,0.498327058,0.24858594,2.7690322,Sensitive
RPI5_F6,0.690192908,0.411416633,0.6209091,1.9524194,Sensitive
RPI5_F7,0.611030704,0.439361695,1.0598989,4.385,Sensitive
RPI5_F8,0.990201391,0.174095889,3.0071716,2.512742,Sensitive
RPI5_F9,0.764731042,0.270640839,2.4930303,5.342742,Sensitive
RPI5_F10,0.757843958,0.492607916,2.1270707,4.965,Sensitive
RPI5_F11,0.76101178,0.517323938,1.4430304,3.702097,Sensitive
RPI5_F12,0.552279966,0.449362707,-0.0339396,5.9256454,Sensitive
RPI5_F13,0.591733136,0.395904092,0.8468685,5.8819356,Sensitive
RPI5_F14,0.726045027,0.508296788,1.9754543,5.527258,Sensitive
RPI5_F16,0.69739132,0.389884065,0.9376768,2.137258,Sensitive
RPI5_F17,0.766898263,0.372347775,1.482626,4.4114513,Sensitive
RPI5_F18,0.898168481,0.484070105,2.8665657,6.04871,Sensitive
RPI5_F19,0.662571362,0.533728843,0.95949507,6.10629,Sensitive
RPI5_F20,0.577288911,0.553740974,1.6540405,3.2991936,Sensitive
RPI5_F21,0.852522898,0.459668272,2.159899,3.9617739,Sensitive
RPI5_F22,0.708623445,0.417430075,0.8560606,2.171129,Sensitive
RPI5_F23,0.735932956,0.454813878,1.2724242,2.1885483,Sensitive
RPI5_F24,0.941026382,0.458363707,0.9745455,1.3595163,Sensitive
RPI5_G1,0.615427527,0.4457577,0.34474742,2.6848388,Sensitive
RPI5_G2,0.742088557,0.379203648,1.0875757,3.1422582,Sensitive
RPI5_G3,0.8623032,0.223574821,1.8680807,1.4630644,Sensitive
RPI5_G4,0.524092883,0.407035573,0.54535353,2.0320969,Sensitive
RPI5_G5,0.666178926,0.485820137,0.7487879,3.926774,Sensitive
RPI5_G6,0.923218999,0.465203112,1.8126262,2.0632257,Sensitive
RPI5_G7,0.991063096,0.309686562,2.829091,4.1474195,Sensitive
RPI5_G8,0.726574124,0.433873357,0.7664646,2.5659678,Sensitive
RPI5_G9,0.71712377,0.280234671,1.9077778,2.8727422,Sensitive
RPI5_G10,0.768377828,0.450408286,1.3272727,3.1788712,Sensitive
RPI5_G11,0.719160376,0.332775885,0.87585855,1.1303225,Sensitive
RPI5_G12,0.946353427,0.395847752,1.380505,1.9656452,Sensitive
RPI5_G13,0.769212817,0.317697478,1.9781816,4.4467745,Sensitive
RPI5_G14,0.657936863,0.531425346,1.4053533,4.4290323,Sensitive
RPI5_G15,0.827297504,0.395632984,1.6195958,4.411613,Sensitive
RPI5_G16,0.437490395,0.290124125,-0.24656558,4.277097,Sensitive
RPI5_G17,0.56796915,0.504988487,0.39828277,4.6685486,Sensitive
RPI5_G18,0.873246146,0.384646873,1.8238385,3.989677,Sensitive
RPI5_G19,0.626021967,0.377806672,0.57222223,3.3869352,Sensitive
RPI5_G20,0.623843305,0.439353701,0.37161613,5.704194,Sensitive
RPI5_G21,0.757048246,0.35399116,0.9079797,2.1716127,Sensitive
RPI5_G22,0.6445017,0.42386346,0.3270706,2.8543549,Sensitive
RPI5_G23,0.60576359,0.354236339,0.2793939,3.5069354,Sensitive
RPI5_G24,0.648238382,0.491437509,0.6147475,3.4441936,Sensitive
RPI5_H1,0.53883148,0.312225897,0.23808098,3.9772582,Sensitive
RPI5_H2,0.629964414,0.498363979,0.4307071,2.6751616,Sensitive
RPI5_H3,0.611314505,0.416594247,0.5189898,2.9954839,Sensitive
RPI5_H4,0.855494693,0.183873455,0.7214141,1.4816129,Sensitive
RPI5_H5,0.485003895,0.382583406,0.26666665,1.9790323,Sensitive
RPI5_H6,0.601723628,0.323006243,0.8703029,3.0490322,Sensitive
RPI5_H7,0.948174607,0.295350258,1.6476768,2.3246772,Sensitive
RPI5_H8,0.819763552,0.349522264,0.30565658,0.17887098,Sensitive
RPI5_H9,0.62576495,0.494490737,0.43383837,2.3932257,Sensitive
RPI5_H10,0.618387442,0.400910176,0.40141416,2.637742,Sensitive
RPI5_H11,0.552876924,0.417613034,0.04292929,3.2891934,Sensitive
RPI5_H12,0.524622445,0.41702082,0.5264647,3.1245165,Sensitive
RPI5_H13,0.780261705,0.263681046,2.5068688,2.473226,Sensitive
RPI5_H15,0.602983937,0.41119087,0.44070697,2.621613,Sensitive
RPI5_H16,0.622513081,0.330639721,0.7091919,1.8046772,Sensitive
RPI5_H17,1.019697318,0.307459127,1.6114142,1.0079031,Sensitive
RPI5_H18,0.878715125,0.527042803,1.8874749,1.4562904,Sensitive
RPI5_H19,0.751327434,0.326201368,0.700909,2.1980646,Sensitive
RPI5_H20,0.532678075,0.380270836,0.119696975,1.8787096,Sensitive
RPI5_H21,0.711347559,0.406143501,0.28858578,1.7572579,Sensitive
RPI5_H22,0.67975969,0.406489738,0.9463637,2.0791936,Sensitive
RPI5_H23,0.803393556,0.437830586,0.96989906,2.480484,Sensitive
RPI5_H24,0.012115443,-0.011975151,-0.017676767,0.007741936,Sensitive
RPI5_I1,0.608509963,0.205789901,0.63454545,0.8917742,Sensitive
RPI5_I2,0.130954025,0.547195475,0.012222221,0.07951613,Resistant
RPI5_I3,0.607033917,0.538306736,1.4185858,4.1764517,Sensitive
RPI5_I4,0.889312551,0.398389942,2.6987882,4.673387,Sensitive
RPI5_I5,0.550573242,0.522244118,1.3521211,6.250968,Sensitive
RPI5_I6,0.579916245,0.716113958,3.6804042,14.677904,Sensitive
RPI5_I7,1.000585995,0.557620901,1.8564647,3.0653226,Sensitive
RPI5_I8,0.883580946,0.548578877,3.4221213,5.3924193,Sensitive
RPI5_I10,0.421470549,0.380472776,0.6708081,3.2253225,Sensitive
RPI5_I11,0.543518871,0.423918715,1.9989898,2.8159678,Sensitive
RPI5_I12,0.712034459,0.524369773,1.446667,4.8770967,Sensitive
RPI5_I13,0.82345247,0.399023641,5.33303,10.296775,Sensitive
RPI5_I14,0.951598739,0.267852024,2.479596,2.6764514,Sensitive
RPI5_I15,0.420453028,0.369428215,2.4738386,5.433548,Sensitive
RPI5_I16,0.846673126,0.355788669,4.135253,1.6700001,Sensitive
RPI5_I17,0.41282741,0.558223931,0.4895959,2.5682259,Sensitive
RPI5_I18,0.738427497,0.541511005,1.429697,4.3779035,Sensitive
RPI5_I19,0.722684052,0.362368138,2.9937372,2.2230647,Sensitive
RPI5_I20,0.776401099,0.193458401,2.0239396,2.9046774,Sensitive
RPI5_I21,0.905059596,0.186826746,4.0656567,3.7233872,Sensitive
RPI5_I22,0.47269945,0.419004049,0.70464635,4.9601607,Sensitive
RPI5_I23,0.681567042,0.35879651,0.27848482,4.233548,Sensitive
RPI5_I24,0.616001134,-0.016277969,2.5874748,0.001451969,Sensitive
RPI5_J1,0.472424797,0.408869804,1.5565658,4.869677,Sensitive
RPI5_J2,0.623097589,0.319258905,0.85171723,2.1653225,Sensitive
RPI5_J3,0.460369367,0.537056546,0.5737374,2.2258065,Sensitive
RPI5_J4,0.559007478,0.431536074,0.2777778,2.7603223,Sensitive
RPI5_J5,0.83011347,0.244345125,1.4926263,1.8790324,Sensitive
RPI5_J6,0.446158538,0.429006223,0.18737376,2.011129,Sensitive
RPI5_J7,0.922570206,0.345151663,1.4369695,3.8000002,Sensitive
RPI5_J8,0.755722693,0.364014486,2.1927273,5.959032,Sensitive
RPI5_J9,0.5531092,0.525226041,0.9532324,2.2282257,Sensitive
RPI5_J10,0.730733709,0.434910004,1.0623231,4.8956447,Sensitive
RPI5_J11,0.458468388,0.488679729,0.510303,6.568871,Sensitive
RPI5_J12,0.442677276,0.496549067,0.66252524,1.5408065,Sensitive
RPI5_J13,1.15499358,0.413059433,3.0008082,2.3003228,Sensitive
RPI5_J14,0.554754001,0.434448005,0.5828283,2.4135482,Sensitive
RPI5_J15,0.68784216,0.321906715,1.8781817,2.7843547,Sensitive
RPI5_J16,0.897575796,0.239940756,1.3107071,2.1314514,Sensitive
RPI5_J18,0.842863365,0.404551558,1.5352526,2.017097,Sensitive
RPI5_J19,0.975342813,0.147080734,2.4575758,0.90854836,Sensitive
RPI5_J20,0.567523794,0.48944022,1.952121,4.584032,Sensitive
RPI5_J21,0.869809919,0.347839776,2.3066664,2.0217743,Sensitive
RPI5_J22,0.444134629,0.470223363,-0.20242429,6.4198384,Sensitive
RPI5_J23,0.742151507,0.54139606,0.790606,2.4869354,Sensitive
RPI5_J24,1.107396863,0.428656741,1.489394,1.5979031,Sensitive
RPI5_K1,0.744002207,0.38339592,1.3272727,4.3909683,Sensitive
RPI5_K2,0.960735873,0.26833055,1.300202,1.2603226,Sensitive
RPI5_K3,0.547400796,0.399196785,0.19989908,1.9883871,Sensitive
RPI5_K4,0.368085429,0.440509125,0.033535242,1.6930645,Sensitive
RPI5_K7,0.452523413,0.392693795,-0.07010102,3.1570969,Sensitive
RPI5_K8,0.693716673,0.407337727,1.9358585,3.9135485,Sensitive
RPI5_K9,0.709681825,0.261829095,0.389192,1.4319355,Sensitive
RPI5_K10,0.525109764,0.592344196,0.4847474,5.995968,Sensitive
RPI5_K11,1.083806778,0.376314817,1.7680808,1.3019354,Sensitive
RPI5_K12,0.955775091,0.316718917,1.6757574,1.6891935,Sensitive
RPI5_K13,0.842713653,0.274552183,2.132626,3.3240325,Sensitive
RPI5_K14,0.428251067,-0.05458955,0.009696968,-0.036612906,Sensitive
RPI5_K15,0.900778991,0.3216566,2.1622224,2.956129,Sensitive
RPI5_K18,0.944773397,0.297839741,1.3898991,1.4475807,Sensitive
RPI5_K20,0.671206903,0.394680544,0.4653535,0.7519355,Sensitive
RPI5_K21,0.881167563,0.503092757,1.4728284,1.571774,Sensitive
RPI5_K22,0.907359822,0.365173635,1.6961615,4.1304836,Sensitive
RPI5_K23,0.813475609,0.43128215,1.2242423,2.3459675,Sensitive
RPI5_K24,0.768454406,0.282007404,1.2871716,0.8667742,Sensitive
RPI5_L1,0.595209733,0.407697848,0.8034344,3.7901614,Sensitive
RPI5_L2,0.745062461,0.354730654,2.4280806,1.9269354,Sensitive
RPI5_L3,0.72066477,0.384127834,1.1370707,3.8941934,Sensitive
RPI5_L4,0.724138691,0.352569277,0.8311112,2.492742,Sensitive
RPI5_L5,0.571714006,0.705174454,1.540606,9.035969,Sensitive
RPI5_L6,0.848980905,0.381578781,0.82868695,1.7550001,Sensitive
RPI5_L8,0.653195123,0.367838834,0.7368686,1.9738708,Sensitive
RPI5_L9,0.824330352,0.400895467,0.87202024,1.8895159,Sensitive
RPI5_L10,0.96138931,0.455570484,3.581818,4.5901613,Sensitive
RPI5_L11,0.539379194,0.403859604,0.37424242,3.1983871,Sensitive
RPI5_L12,0.801139519,0.398393006,1.1358585,3.294355,Sensitive
RPI5_L13,0.703861476,0.448021932,0.30797982,2.8462903,Sensitive
RPI5_L14,0.474330138,0.470330616,0.3331313,2.2659678,Sensitive
RPI5_L15,-0.167912726,0.209024737,-0.025252525,0.08370967,Resistant
RPI5_L17,0.733208116,0.353951789,0.98040414,3.246129,Sensitive
RPI5_L18,0.644553737,0.293936346,0.5172727,1.9248388,Sensitive
RPI5_L19,0.872129495,0.284099714,1.7694948,2.5053227,Sensitive
RPI5_L20,0.942324405,0.457544855,1.2609092,1.808871,Sensitive
RPI5_L21,-0.122393977,0.37537203,-0.000202021,0.27161288,Sensitive
RPI5_L22,0.564329879,0.368856399,0.02313137,5.230161,Sensitive
RPI5_L23,0.655310591,0.509012118,1.219394,4.743387,Sensitive
RPI5_L24,0.507436359,0.609559346,-0.121414185,3.0914514,Sensitive
RPI5_M1,-0.114205359,0.998773296,-4.820606,34.384678,Resistant
RPI5_M2,-0.21314893,1.160277627,-3.6463635,20.291935,Resistant
RPI5_M3,-0.302247886,1.059913428,-2.5765657,13.853064,Resistant
RPI5_M4,-0.149184737,1.00571068,-2.5125253,14.564676,Resistant
RPI5_M5,-0.182174556,1.125562885,-2.310101,11.887258,Resistant
RPI5_M6,-0.15055653,0.998894628,-4.593838,25.016773,Resistant
RPI5_M7,-0.157889767,1.0332484,-2.5766668,12.539677,Resistant
RPI5_M8,-0.20271593,0.879523979,-3.1866665,15.105644,Resistant
RPI5_M9,-0.178949778,1.061805551,-2.8577776,14.545485,Resistant
RPI5_M10,-0.129291116,1.164274956,-2.779091,12.83242,Resistant
RPI5_M11,-0.197341688,1.114816784,-5.3804035,28.272743,Resistant
RPI5_M12,-0.081780433,1.05991967,-2.1762626,13.120001,Resistant
RPI5_M13,-0.249549143,0.965876583,-4.0555553,24.560806,Resistant
RPI5_M15,-0.117958214,1.086633496,-1.8074746,14.769516,Resistant
RPI5_M16,-0.237227473,1.013162839,-4.2034345,20.81371,Resistant
RPI5_M18,-0.133076371,0.990008673,-2.1443434,14.210644,Resistant
RPI5_M19,-0.248314418,1.070592772,-2.5534344,16.042904,Resistant
RPI5_M20,-0.358786206,1.234031176,-4.779899,26.795162,Resistant
RPI5_M21,-0.341641421,1.138249058,-3.2567677,19.536129,Resistant
RPI5_M22,-0.203857494,0.968339151,-3.6692932,14.51016,Resistant
RPI5_M23,-0.247378518,1.187774812,-2.2021213,15.0727415,Resistant
RPI5_M24,0.027388794,0.873242376,-0.21242425,1.7819355,Sensitive
RPI5_N1,0.344098095,0.71119956,-0.08666667,0.5941936,Sensitive
RPI5_N2,-0.296731632,1.169362057,-2.3313131,13.224031,Resistant
RPI5_N3,-0.289547883,1.012843001,-3.3429291,16.501451,Resistant
RPI5_N4,-0.164590686,0.96026717,-3.0308082,17.379839,Resistant
RPI5_N5,-0.01324161,1.020651807,-2.3108082,19.723387,Resistant
RPI5_N6,0.057294247,1.08597089,-1.492121,16.306452,Resistant
RPI5_N7,-0.099312341,1.103436143,-3.0914142,17.029194,Resistant
RPI5_N8,-0.182651548,1.130839162,-2.339697,12.451128,Resistant
RPI5_N9,-0.088087573,1.106727023,-1.9759597,13.134194,Resistant
RPI5_N10,-0.373389865,1.107582698,-2.2051516,10.80371,Resistant
RPI5_N11,-0.197341073,1.145752176,-2.8580806,15.155645,Resistant
RPI5_N12,-0.112915876,0.045831207,-0.035353534,0.031612903,Resistant
RPI5_N13,-0.250422128,1.025813435,-4.1133337,20.18742,Resistant
RPI5_N14,0.092385663,0.941990779,-1.8619194,12.266935,Resistant
RPI5_N15,-0.108958188,1.153219795,-1.5518183,12.478388,Resistant
RPI5_N16,-0.119508127,1.17824014,-3.1159596,19.81887,Resistant
RPI5_N17,-0.237741488,1.113560506,-2.5373738,11.112419,Resistant
RPI5_N18,-0.185693735,1.091393218,-2.2188888,13.522742,Resistant
RPI5_N19,-0.071794626,1.131816762,-2.118788,16.073387,Resistant
RPI5_N20,-0.036212334,1.096448064,-1.901212,15.451774,Resistant
RPI5_N21,-0.275856553,1.149587159,-2.900404,14.679356,Resistant
RPI5_N22,-0.024740617,1.01034839,-2.930101,18.361774,Resistant
RPI5_N23,-0.268128711,1.037373331,-2.601313,15.394356,Resistant
RPI5_N24,-0.183313072,1.097560537,-1.8986869,11.22871,Resistant
RPI5_O1,-0.19538574,1.017364038,-1.9032323,10.589355,Resistant
RPI5_O2,0.053985564,0.894257667,-1.0181818,5.617903,Resistant
RPI5_O3,0.01175268,1.014310628,-0.055555556,0.33532256,Resistant
RPI5_O4,-0.136354982,1.04171156,-2.9992929,14.705806,Resistant
RPI5_O5,0.01317214,0.797632044,-1.4124242,9.231613,Resistant
RPI5_O6,-0.04857388,0.925368287,-4.0231314,27.481129,Resistant
RPI5_O7,-0.123060089,0.973232266,-3.5268688,15.294354,Resistant
RPI5_O8,-0.299632333,0.902455404,-1.9182827,9.961128,Resistant
RPI5_O9,-0.154483576,0.999545132,-2.5562627,9.447903,Resistant
RPI5_O10,0.184363199,1.09514515,-1.1555552,16.098549,Resistant
RPI5_O11,0.255801715,0.116782928,0.006969694,0.05532258,Sensitive
RPI5_O12,-0.09154015,1.071626416,-2.869192,16.514032,Resistant
RPI5_O13,-0.225573565,1.199027642,-1.5810101,8.420161,Resistant
RPI5_O14,-0.095255054,1.10083341,-3.4260604,19.758224,Resistant
RPI5_O15,-0.153716723,0.924093304,-1.9269698,8.224356,Resistant
RPI5_O16,-0.00136822,0.951525187,-2.0694947,16.482096,Resistant
RPI5_O17,-0.208697074,1.145951551,-3.3871717,16.746128,Resistant
RPI5_O18,-0.224566632,1.031377996,-3.3527274,16.743547,Resistant
RPI5_O19,-0.313697909,1.026129002,-4.309495,20.446936,Resistant
RPI5_O20,0.121450306,0.804573424,-3.7001014,29.959356,Resistant
RPI5_O21,-0.203493222,1.011242457,-2.3864646,12.360483,Resistant
RPI5_O22,0.292915709,0.719871784,0.094545454,0.21903226,Resistant
RPI5_O24,-0.121158524,1.139782855,-0.2943434,1.3145161,Resistant
RPI5_P3,-0.168693304,0.926996413,-2.7271717,11.638548,Resistant
RPI5_P4,-0.033168605,1.078833639,-1.299798,7.271129,Resistant
RPI5_P5,0.124471704,0.953949608,-0.18828283,0.8959677,Resistant
RPI5_P6,-0.155627277,0.995924607,-1.5249496,7.724678,Resistant
RPI5_P7,-0.01511252,0.745776885,-1.8956566,10.065645,Resistant
RPI5_P8,-0.030095277,0.704593636,-1.3765657,5.74629,Resistant
RPI5_P9,-0.163243649,0.901691551,-2.8501008,13.98371,Resistant
RPI5_P10,-0.184212231,1.053612294,-2.799798,14.514999,Resistant
RPI5_P12,-0.278637541,1.108875411,-2.57,13.416613,Resistant
RPI5_P13,-0.006040516,0.399405067,-0.032828283,0.10774194,Resistant
RPI5_P14,-0.137082056,0.971924458,-2.578081,10.674517,Resistant
RPI5_P15,-0.132746321,1.004292525,-2.9991918,13.894676,Resistant
RPI5_P16,-0.188631741,1.038648183,-1.6513131,8.692097,Resistant
RPI5_P17,-0.324143842,1.092056835,-1.6113131,7.673064,Resistant
RPI5_P18,-0.236164163,1.050016144,-1.501212,7.7061286,Resistant
RPI5_P19,-0.244333209,1.036471449,-2.1447475,7.716774,Resistant
RPI5_P20,-0.230206867,0.991007438,-1.810303,9.066774,Resistant
RPI5_P22,-0.147728985,1.066789559,-2.2261615,10.648872,Resistant
RPI7_A3,0.114796006,0.577496202,-0.045454547,0.22758065,Resistant
RPI7_A4,-0.086330498,0.980950574,-1.7728283,13.035484,Resistant
RPI7_A5,-0.176104588,1.015020868,-1.3725252,6.5354843,Resistant
RPI7_A6,-0.173351448,1.137407862,-2.379293,14.572903,Resistant
RPI7_A7,-0.172409577,1.000788885,-2.418182,12.092581,Resistant
RPI7_A8,-0.06928118,1.15873588,-1.6930302,11.105644,Resistant
RPI7_A9,-0.199378499,1.038107095,-1.5444444,7.2522583,Resistant
RPI7_A10,-0.215287601,1.002529389,-2.2745454,13.413711,Resistant
RPI7_A11,-0.053225486,0.978687718,-1.9249495,9.450161,Resistant
RPI7_A12,-0.179568743,1.19324096,-2.801515,18.019676,Resistant
RPI7_A13,-0.295605856,1.083741871,-1.6724243,7.592097,Resistant
RPI7_A14,-0.275187776,1.14587177,-4.4369698,24.275806,Resistant
RPI7_A15,-0.273583432,1.142655264,-2.4484847,10.976452,Resistant
RPI7_A16,-0.259524601,1.073518619,-1.4135354,7.7487097,Resistant
RPI7_A18,-0.246736414,1.157393296,-2.5566669,14.985001,Resistant
RPI7_A19,-0.218111621,1.035469371,-2.1952527,9.610806,Resistant
RPI7_A20,-0.184442962,1.066444303,-1.659697,10.701935,Resistant
RPI7_A21,-0.075105777,0.900889191,-0.9,4.962742,Resistant
RPI7_A22,-0.05030202,0.635513671,-0.002727274,0.17951612,Resistant
RPI7_B1,-0.21807153,1.093749575,-1.4314141,8.429032,Resistant
RPI7_B2,-0.170649589,1.075291808,-1.3074749,6.9353228,Resistant
RPI7_B3,-0.180274294,1.314352735,-1.3638384,7.665968,Resistant
RPI7_B4,-0.194823967,1.090451393,-2.7084846,12.819033,Resistant
RPI7_B5,-0.232946583,1.123530607,-2.3767676,15.173709,Resistant
RPI7_B7,-0.117859131,1.036630566,-1.4418182,9.678548,Resistant
RPI7_B8,0.232198404,0.254935269,-0.015353534,0.1314516,Resistant
RPI7_B9,-0.176442564,1.139510961,-2.3036363,11.1782255,Resistant
RPI7_B10,-0.094428438,1.105186175,-1.4263636,8.747419,Resistant
RPI7_B11,-0.239241089,1.101269071,-1.7132324,9.466129,Resistant
RPI7_B12,-0.334631907,1.180786066,-1.8381817,11.132742,Resistant
RPI7_B13,-0.367783638,1.050322897,-3.16899,15.484516,Resistant
RPI7_B14,-0.287666193,1.101669057,-4.7507067,21.735806,Resistant
RPI7_B16,-0.182452962,1.236563755,-1.428788,8.761291,Resistant
RPI7_B17,-0.417188268,1.137401223,-2.6984847,13.394356,Resistant
RPI7_B18,-0.23044194,1.206925755,-2.3982828,14.879193,Resistant
RPI7_B19,-0.152694469,1.105431815,-2.1144445,11.249678,Resistant
RPI7_B20,-0.406909008,1.165629265,-3.2142425,16.776775,Resistant
RPI7_B21,-0.133411205,1.223943365,-1.8968687,12.253226,Resistant
RPI7_B22,-0.208995173,1.240727603,-2.2154546,13.57984,Resistant
RPI7_B23,-0.046294113,0.876756287,-0.005252525,0.16758065,Resistant
RPI7_B24,-0.272599996,1.167663696,-1.9871716,10.138548,Resistant
RPI7_C1,-0.191892861,1.073361956,-2.2136364,13.172581,Resistant
RPI7_C2,0.027544346,0.99565876,-0.6633334,4.769516,Sensitive
RPI7_C3,0.139787791,0.878595084,-0.41454554,5.338871,Sensitive
RPI7_C4,0.000341526,1.066248614,-1.8075757,11.1977415,Resistant
RPI7_C5,-0.286106345,1.086668154,-1.6481818,9.217258,Resistant
RPI7_C6,-0.236192015,1.064501765,-3.839899,20.657257,Resistant
RPI7_C8,-0.126635936,1.055609529,-2.6946464,20.256128,Resistant
RPI7_C9,-0.172037829,0.963718947,-0.022727273,0.11516129,Resistant
RPI7_C10,-0.099701683,0.997175757,-2.2018182,15.488871,Resistant
RPI7_C11,-0.232032095,1.087682172,-1.4471717,7.7924194,Resistant
RPI7_C12,-0.127363126,1.159317713,-1.7156566,9.605,Resistant
RPI7_C13,-0.186374597,1.150845288,-1.3127272,8.583549,Resistant
RPI7_C14,-0.036494473,1.082540008,-1.7543434,10.439356,Resistant
RPI7_C15,-0.158530858,1.085051266,-1.6836362,9.689838,Resistant
RPI7_C16,-0.171450717,1.162582159,-1.7275758,9.490162,Resistant
RPI7_C17,-0.199835293,1.173161647,-0.9132323,4.322258,Resistant
RPI7_C18,-0.218711209,1.074651363,-2.328788,13.356774,Resistant
RPI7_C19,-0.304871833,0.989993795,-1.7916161,8.139516,Resistant
RPI7_C20,-0.061684824,0.00552013,-0.002727274,0.063548386,Sensitive
RPI7_C21,-0.255408465,1.246566573,-2.8230302,14.235161,Resistant
RPI7_C22,-0.253442486,1.117730915,-2.3619192,12.693227,Resistant
RPI7_C23,-0.299660164,1.066256661,-2.9748485,16.280968,Resistant
RPI7_C24,-0.303189414,1.033777313,-5.8858585,23.887905,Resistant
RPI7_D1,-0.142710491,1.101043883,-2.5088887,15.930485,Resistant
RPI7_D2,-0.323187794,1.048401852,-0.9756565,5.698387,Resistant
RPI7_D3,-0.184260566,0.954094788,-2.2088888,8.142902,Resistant
RPI7_D4,-0.184885513,1.195244333,-2.139394,14.205967,Resistant
RPI7_D5,-0.188026268,0.881488212,-2.4740405,10.790968,Resistant
RPI7_D6,-0.057007938,1.005772561,-1.2815151,5.8091936,Resistant
RPI7_D7,-0.290924388,1.018101695,-2.2105052,9.846452,Resistant
RPI7_D8,-0.251339778,1.102707792,-1.4231313,7.834355,Resistant
RPI7_D9,-0.107674306,1.006993682,-1.3107071,8.109516,Resistant
RPI7_D10,-0.407041131,1.198897133,-1.3912121,8.965,Resistant
RPI7_D11,-0.085145354,1.111958169,-1.4751515,8.324032,Resistant
RPI7_D12,-0.194515122,0.977985049,-2.0422223,11.00016,Resistant
RPI7_D14,-0.144737972,0.982521926,-2.008788,8.809516,Resistant
RPI7_D15,-0.190391985,1.121486394,-1.8181818,9.709517,Resistant
RPI7_D16,-0.277203764,1.127413455,-2.0982828,11.410484,Resistant
RPI7_D17,-0.210816826,1.057046745,-1.6322224,10.966936,Resistant
RPI7_D18,-0.19513835,1.099089818,-1.2136364,5.981452,Resistant
RPI7_D19,-0.095716859,0.946145133,-1.7192929,5.699032,Resistant
RPI7_D20,-0.21998372,1.117275892,-2.8156567,13.6098385,Resistant
RPI7_D21,0.125950567,0.982375875,-0.74333334,4.1390324,Sensitive
RPI7_D22,-0.10653643,1.126518596,-1.0751514,5.5090322,Resistant
RPI7_E1,0.545113758,0.45796847,3.590909,5.4343553,Sensitive
RPI7_E2,0.67023545,0.360248918,3.09202,3.669032,Sensitive
RPI7_E4,0.643195315,0.544702204,1.4719191,4.4740324,Sensitive
RPI7_E5,0.882506517,0.516092814,2.9855554,4.190161,Sensitive
RPI7_E6,0.638240042,0.484595971,1.330909,4.461774,Sensitive
RPI7_E7,0.470840153,0.626468945,0.8194947,4.956613,Sensitive
RPI7_E8,0.596648821,0.559432154,1.162323,7.444516,Sensitive
RPI7_E9,0.714813699,0.33053947,2.101515,4.393871,Sensitive
RPI7_E10,0.699139216,0.5822634,1.1176766,2.9219353,Sensitive
RPI7_E11,1.090750476,0.658920956,1.4858587,2.8435485,Sensitive
RPI7_E12,0.662766606,0.4824054,1.7883837,4.719355,Sensitive
RPI7_E13,0.627797968,0.674413618,1.5273738,6.277903,Sensitive
RPI7_E14,0.567951176,0.483703337,0.56727266,4.125968,Sensitive
RPI7_E15,0.662001543,0.50263071,1.1138384,1.7345161,Sensitive
RPI7_E16,0.663902144,0.452364476,2.659091,2.1070967,Sensitive
RPI7_E17,0.686729295,0.449819046,1.3424242,2.472581,Sensitive
RPI7_E18,0.811069901,0.582968072,2.3433337,4.5151615,Sensitive
RPI7_E19,0.792867208,0.418442123,2.128081,3.2851613,Sensitive
RPI7_E20,0.793623844,0.311238928,0.72555554,0.48096776,Sensitive
RPI7_E21,-0.040360851,0.219846756,-0.01010101,0.08370967,Resistant
RPI7_E22,0.415922381,0.475819529,0.00222218,3.3166127,Sensitive
RPI7_E23,0.887615312,0.690280929,1.399596,3.227903,Sensitive
RPI7_E24,0.650370531,0.381276366,1.6227272,3.71871,Sensitive
RPI7_F1,0.568647513,0.483243629,4.697374,6.42871,Sensitive
RPI7_F2,0.915094372,0.385716771,2.100606,2.9479032,Sensitive
RPI7_F3,0.398361993,0.488470083,0.79878795,2.350645,Sensitive
RPI7_F4,0.686971807,0.596531609,1.1676768,2.8816128,Sensitive
RPI7_F5,0.903028603,0.388400454,3.9037375,2.4827418,Sensitive
RPI7_F6,0.810200892,0.294854164,2.083636,3.263226,Sensitive
RPI7_F7,0.789388072,0.378537742,2.822626,4.893065,Sensitive
RPI7_F8,0.72302945,0.526730051,2.138687,2.4262903,Sensitive
RPI7_F9,0.751924596,0.479520148,0.9843434,2.456129,Sensitive
RPI7_F10,0.759531359,0.344893761,2.5440402,3.2711291,Sensitive
RPI7_F11,0.771580209,0.484560474,0.9760605,3.0991933,Sensitive
RPI7_F12,0.507877523,0.26165736,0.64666677,3.7188706,Sensitive
RPI7_F13,0.80000166,0.385410685,3.469293,4.995645,Sensitive
RPI7_F14,0.687974187,0.629991859,1.2811112,4.731129,Sensitive
RPI7_F16,0.701332928,0.386126948,0.56353533,3.2841938,Sensitive
RPI7_F17,0.62733541,0.347082591,0.83040404,5.50871,Sensitive
RPI7_F18,0.63425642,0.480693864,0.939697,2.5851614,Sensitive
RPI7_F19,0.853890678,0.327536274,1.2464646,1.1296775,Sensitive
RPI7_F20,0.715987856,0.421091668,2.2155554,5.4961286,Sensitive
RPI7_F21,0.820417423,0.430940042,1.5731313,1.7783871,Sensitive
RPI7_F22,0.725125966,0.588084358,0.61212116,1.9320968,Sensitive
RPI7_F23,0.576996295,0.314531217,1.0613132,1.0025806,Sensitive
RPI7_F24,0.763432622,0.434774725,1.3955555,2.301774,Sensitive
RPI7_G1,0.702378192,0.529853684,0.79010093,3.3987095,Sensitive
RPI7_G2,0.647126519,0.420695254,0.84818184,2.346129,Sensitive
RPI7_G3,0.998427772,0.129956907,0.99909097,1.2122581,Sensitive
RPI7_G4,0.856715053,0.583228101,0.8650505,2.302258,Sensitive
RPI7_G5,0.721606544,0.546814029,1.6469696,4.3046775,Sensitive
RPI7_G6,0.654268747,0.463557018,0.659899,2.2093549,Sensitive
RPI7_G7,0.580597442,0.483697864,1.3528283,3.4011292,Sensitive
RPI7_G8,0.559575604,0.48388747,0.70565665,1.7741935,Sensitive
RPI7_G9,0.848139487,0.432568595,1.6296971,2.7291934,Sensitive
RPI7_G10,0.844187794,0.318107038,0.9758587,1.7388711,Sensitive
RPI7_G11,0.533039508,0.502873431,0.6182828,3.3137095,Sensitive
RPI7_G12,0.695911476,0.52134798,1.2570707,2.1130645,Sensitive
RPI7_G13,0.616667357,0.368453843,0.83515143,3.1077423,Sensitive
RPI7_G14,0.782835744,0.396539311,1.2693939,2.1524193,Sensitive
RPI7_G15,0.58292682,0.410449936,0.7967675,4.109355,Sensitive
RPI7_G16,0.734447002,0.524281476,1.3174746,3.723226,Sensitive
RPI7_G17,0.820448104,0.388390402,1.3319193,1.7872581,Sensitive
RPI7_G18,0.630452002,0.347622456,0.6330302,2.2996776,Sensitive
RPI7_G19,0.560884172,0.45194261,0.6446465,2.2354841,Sensitive
RPI7_G20,0.606950448,0.439971611,0.68121195,4.185323,Sensitive
RPI7_G21,0.563258244,0.4369248,0.9471717,5.3888707,Sensitive
RPI7_G22,0.830214996,0.480891496,1.0493939,1.8982258,Sensitive
RPI7_G23,0.450668908,0.365924891,0.28929293,1.8830645,Sensitive
RPI7_G24,0.571342952,0.218133585,0.4067676,1.9853227,Sensitive
RPI7_H1,0.83713736,0.265338729,2.4488888,1.9549999,Sensitive
RPI7_H2,0.63972838,0.400754835,1.0473738,3.94129,Sensitive
RPI7_H3,0.794813332,0.496563063,1.1806059,2.4948385,Sensitive
RPI7_H4,0.902570816,0.61100061,1.3514142,2.2308066,Sensitive
RPI7_H5,0.555071188,0.641785669,0.7620201,4.155645,Sensitive
RPI7_H6,0.709265297,0.392036837,1.0214143,1.443871,Sensitive
RPI7_H7,0.763769576,0.352736878,1.2086868,3.2199998,Sensitive
RPI7_H8,0.544473863,0.479243571,0.03232324,1.5367743,Sensitive
RPI7_H9,0.802267647,0.407785068,0.808687,1.9904838,Sensitive
RPI7_H10,0.66271467,0.481516518,0.9830303,2.5337098,Sensitive
RPI7_H11,0.668579353,0.546699729,1.2418182,4.7979035,Sensitive
RPI7_H12,0.583273471,0.376682284,0.8049494,3.7467742,Sensitive
RPI7_H13,0.636513572,0.413188677,0.9436362,2.553226,Sensitive
RPI7_H15,0.777860554,0.385449362,1.3742425,4.1145163,Sensitive
RPI7_H16,0.828570115,0.338699109,1.1765656,1.7903225,Sensitive
RPI7_H17,0.96843666,0.268264357,1.6081817,0.9098388,Sensitive
RPI7_H18,0.697617055,0.453840878,0.67020214,3.48,Sensitive
RPI7_H19,0.491689573,0.680416387,0.41575766,3.3303225,Sensitive
RPI7_H20,0.784222006,0.618925797,1.0321212,2.8996775,Sensitive
RPI7_H21,1.203244452,0.638681659,1.4501011,1.7112902,Sensitive
RPI7_H22,1.069221753,0.277257817,2.1275756,2.2395163,Sensitive
RPI7_H23,0.741639169,0.451775703,1.3518183,3.5159676,Sensitive
RPI7_H24,0.185083742,0.453531972,0.034747474,0.07564516,Resistant
RPI7_I1,0.966288819,0.585815988,1.0269697,1.091613,Sensitive
RPI7_I2,0.506411348,0.329660568,0.034141414,0.046935484,Resistant
RPI7_I3,0.666235931,0.33167169,0.8730302,2.7179031,Sensitive
RPI7_I4,0.959007141,0.456187557,2.1762626,2.427258,Sensitive
RPI7_I5,0.997155196,0.569373288,3.2766669,5.7888713,Sensitive
RPI7_I6,0.530213236,0.372807342,1.851717,4.407903,Sensitive
RPI7_I7,0.58380275,0.509367903,3.0431314,5.574032,Sensitive
RPI7_I8,0.896104983,0.337129157,1.1562626,1.8680644,Sensitive
RPI7_I10,0.659426765,0.472276169,1.3212122,2.1298387,Sensitive
RPI7_I11,0.899221372,0.545889077,1.5030303,3.540484,Sensitive
RPI7_I12,0.71613042,0.444149965,1.1660606,3.5651615,Sensitive
RPI7_I13,0.765601884,0.428220338,2.0481818,5.051129,Sensitive
RPI7_I14,0.788281886,0.392998618,1.3575757,3.1033869,Sensitive
RPI7_I15,1.058110063,0.440216646,2.0031314,1.7688711,Sensitive
RPI7_I16,0.395850856,0.394119595,0.6988888,3.461935,Sensitive
RPI7_I17,0.879621238,0.594260063,1.0344443,2.9312904,Sensitive
RPI7_I18,0.699028069,0.352561988,1.2223232,2.4114516,Sensitive
RPI7_I19,0.648521088,0.42262324,2.0146465,1.7232261,Sensitive
RPI7_I20,0.784544831,0.3841461,1.7182827,4.9775805,Sensitive
RPI7_I21,0.660857235,0.378717665,2.4941413,3.042097,Sensitive
RPI7_I22,1.12348218,0.638091324,5.1824245,2.4314516,Sensitive
RPI7_I23,0.492853847,0.311269964,2.9943433,4.595806,Sensitive
RPI7_I24,0.602642733,0.374098916,0.8937373,1.8279033,Sensitive
RPI7_J1,0.835728519,0.615295128,1.450101,3.2522578,Sensitive
RPI7_J2,0.767476341,0.549229961,1.1451516,2.402742,Sensitive
RPI7_J3,1.074861663,0.334103158,1.1906061,0.573387,Sensitive
RPI7_J4,1.067606403,0.308706643,1.1572728,1.3396776,Sensitive
RPI7_J5,0.857163754,0.557833088,1.1759595,3.3746774,Sensitive
RPI7_J6,0.823995132,0.192689572,1.9951515,3.1632261,Sensitive
RPI7_J7,0.547952995,0.383484404,1.632626,3.7191935,Sensitive
RPI7_J8,0.616846354,0.267414096,0.86111116,1.943387,Sensitive
RPI7_J9,0.582454815,0.516546178,1.739697,2.6058066,Sensitive
RPI7_J10,0.680226823,0.296253877,0.9439393,2.924355,Sensitive
RPI7_J11,0.501632667,0.568124704,0.85727274,1.8312905,Sensitive
RPI7_J12,0.92998289,0.289132662,0.99939394,1.7829032,Sensitive
RPI7_J13,1.041430993,0.415011523,0.6404041,0.7522581,Sensitive
RPI7_J14,0.927663902,0.216548452,1.3923234,1.1440324,Sensitive
RPI7_J15,0.821284852,0.202690494,0.47353518,0.17225814,Sensitive
RPI7_J16,0.668128976,0.427464559,1.820606,2.912581,Sensitive
RPI7_J18,0.698483875,0.494686837,1.6535354,4.013549,Sensitive
RPI7_J19,1.048094784,0.554130352,0.75242424,1.0629033,Sensitive
RPI7_J20,0.786421881,0.40836939,1.4065657,1.6174194,Sensitive
RPI7_J21,0.796091237,0.361181637,1.3281819,1.6793551,Sensitive
RPI7_J22,0.976725234,0.39714658,1.6271718,1.5072579,Sensitive
RPI7_J23,0.469176963,0.371602357,-0.030202031,1.6132259,Sensitive
RPI7_J24,0.637012397,0.346834041,1.5304039,3.7120967,Sensitive
RPI7_K1,0.643184317,0.29996253,1.5393939,2.6217742,Sensitive
RPI7_K2,0.983750024,0.375509141,1.2091918,0.89548385,Sensitive
RPI7_K3,0.927304882,0.351657351,1.5966667,2.3956451,Sensitive
RPI7_K4,0.783377683,0.387348807,0.31636357,0.6414516,Sensitive
RPI7_K7,0.828119867,0.427665149,1.1088889,3.8548386,Sensitive
RPI7_K8,0.88826545,0.334596317,2.0475757,3.2316132,Sensitive
RPI7_K9,0.708974904,0.296830436,0.79252523,0.4906453,Sensitive
RPI7_K10,0.527744026,0.36981569,0.24757576,1.0864515,Sensitive
RPI7_K11,0.815252906,0.42471523,1.3922223,2.1708066,Sensitive
RPI7_K12,0.732968956,0.360701165,0.17777777,2.5690324,Sensitive
RPI7_K13,1.020949553,0.380419673,1.3528283,2.363226,Sensitive
RPI7_K14,-0.004849667,0.081599039,-0.032828283,0.023548387,Resistant
RPI7_K15,0.784103848,0.482500805,1.2025254,1.6087097,Sensitive
RPI7_K18,0.76516821,0.319163553,0.58242416,1.8679032,Sensitive
RPI7_K20,0.690148899,0.304170177,1.1222223,1.6540325,Sensitive
RPI7_K21,0.41858647,0.266342455,0.09101009,0.110000014,Resistant
RPI7_K22,0.747610143,0.428467375,1.6626263,4.9130645,Sensitive
RPI7_K23,0.682791352,0.4786617,0.82252514,3.096774,Sensitive
RPI7_K24,0.735370889,0.298246239,1.3101009,2.4219353,Sensitive
RPI7_L1,0.748377472,0.363440833,2.0178788,1.6737096,Sensitive
RPI7_L2,0.691830043,0.450453126,0.70515156,2.0320969,Sensitive
RPI7_L3,0.861213995,0.530817261,0.7338384,1.7212902,Sensitive
RPI7_L4,0.945815927,0.574849845,1.3588889,2.390645,Sensitive
RPI7_L5,0.742495353,0.460687213,0.58131313,1.7283871,Sensitive
RPI7_L6,0.730718426,0.366745096,0.6360606,0.7977419,Sensitive
RPI7_L7,0.070004169,0.117982656,-0.032828283,0.019354843,Resistant
RPI7_L8,0.734071117,0.317884507,1.0485859,1.0993549,Sensitive
RPI7_L9,0.55849655,0.536591042,0.6073737,3.311613,Sensitive
RPI7_L10,0.826589461,0.336859507,1.4860607,2.0962903,Sensitive
RPI7_L11,0.732230425,0.487375227,0.66393936,3.374516,Sensitive
RPI7_L12,0.581634241,0.5201845,0.53747475,1.667258,Sensitive
RPI7_L13,0.688057911,0.489831162,1.360808,2.653387,Sensitive
RPI7_L14,0.568572912,0.415054254,1.1425253,3.7043548,Sensitive
RPI7_L17,0.830637103,0.270622956,1.4438384,1.1964514,Sensitive
RPI7_L18,0.903847178,0.423864742,1.4328284,1.6520969,Sensitive
RPI7_L19,0.861658116,0.30075828,1.2767676,1.5704842,Sensitive
RPI7_L20,0.505793574,0.452522172,0.31565657,0.14483872,Sensitive
RPI7_L22,1.17242813,0.409082164,1.6362627,1.9630644,Sensitive
RPI7_L23,0.62959477,0.580119444,0.20656562,1.568871,Sensitive
RPI7_L24,0.70430844,0.546206832,0.4077778,1.6099999,Sensitive
RPI7_M1,-0.194559852,1.187213333,-2.3185859,19.376936,Resistant
RPI7_M2,-0.096647951,1.007121236,-1.8647474,13.566612,Resistant
RPI7_M3,-0.278146129,1.149408407,-3.060909,16.877096,Resistant
RPI7_M4,-0.269580902,1.166104114,-2.4018183,14.92871,Resistant
RPI7_M5,-0.212366835,1.213343752,-1.6588888,8.595324,Resistant
RPI7_M6,-0.189173227,1.297567256,-2.2353535,17.613224,Resistant
RPI7_M7,-0.14993338,1.142028686,-2.3757575,12.646452,Resistant
RPI7_M8,-0.147131793,0.976334787,-1.2727273,6.8785486,Resistant
RPI7_M9,-0.149899529,1.035669071,-3.2051516,18.125322,Resistant
RPI7_M10,-0.143893496,1.095297149,-1.9636363,12.165323,Resistant
RPI7_M11,-0.02169928,0.954862825,-1.610303,11.6772585,Resistant
RPI7_M12,-0.081023332,1.17518567,-1.4264646,15.2437105,Resistant
RPI7_M13,-0.184963155,1.127835034,-2.1617172,16.363064,Resistant
RPI7_M15,0.464581037,0.236307101,0.001919191,0.03919355,Resistant
RPI7_M16,-0.085926822,1.191637354,-3.9277778,26.028547,Resistant
RPI7_M18,-0.263664348,1.221930979,-3.3845456,19.21484,Resistant
RPI7_M19,0.149389415,0.855308522,-1.3033335,11.256935,Resistant
RPI7_M20,-0.088617536,1.065625291,-1.8939395,14.044516,Resistant
RPI7_M21,-0.23117199,1.150169206,-1.8041414,12.32871,Resistant
RPI7_M22,0.05531495,0.864294283,-1.6941414,9.836935,Resistant
RPI7_M23,-0.216057994,1.09586613,-1.658384,11.887903,Resistant
RPI7_M24,-0.223340266,1.185948363,-1.4820201,10.154677,Resistant
RPI7_N1,0.028613206,1.005760885,-0.7417172,5.342742,Resistant
RPI7_N2,-0.233349123,1.245712265,-1.9827273,11.407742,Resistant
RPI7_N3,-0.087280339,0.942612239,-1.2511111,6.807097,Resistant
RPI7_N4,0.021637855,0.952756929,-0.8058586,7.553548,Resistant
RPI7_N5,-0.266091144,1.154845896,-1.2356566,10.198226,Resistant
RPI7_N6,-0.045371242,1.200105557,-0.74808085,7.4638705,Resistant
RPI7_N7,-0.158981621,1.031954904,-1.621212,9.709517,Resistant
RPI7_N8,-0.119955936,1.112959154,-1.5008081,10.42371,Resistant
RPI7_N9,-0.143556087,1.15865305,-1.8711112,11.9720955,Resistant
RPI7_N10,-0.229189349,1.095630707,-1.2504041,7.4369354,Resistant
RPI7_N11,-0.124543263,1.081378478,-0.76414144,8.319194,Resistant
RPI7_N13,-0.24282836,1.239314642,-1.1707071,8.157258,Resistant
RPI7_N14,-0.226931591,1.208395742,-2.58899,17.88613,Resistant
RPI7_N15,-0.145019634,1.085537118,-1.659697,11.978548,Resistant
RPI7_N16,-0.2016427,1.160699892,-1.7036362,9.864194,Resistant
RPI7_N17,-0.233224862,1.128081359,-3.161919,16.620323,Resistant
RPI7_N18,0.24387183,1.026511521,-0.7922225,22.735645,Resistant
RPI7_N19,-0.128649696,1.14700842,-1.9560605,11.9790325,Resistant
RPI7_N20,0.262931175,0.964817648,-0.95929337,19.660645,Resistant
RPI7_N21,-0.196466717,1.191803758,-2.1144445,10.210161,Resistant
RPI7_N22,0.235521405,1.159826887,-0.37070704,25.283548,Resistant
RPI7_N23,-0.185637293,1.13588417,-2.0271716,12.330324,Resistant
RPI7_N24,0.063394878,0.942409387,-1.1216161,9.4320965,Resistant
RPI7_O1,-0.216000522,1.053263796,-2.5461617,17.178871,Resistant
RPI7_O2,-0.197731298,1.124806199,-2.5477777,13.885806,Resistant
RPI7_O3,0.215325913,0.645640723,-0.058080807,0.3514516,Resistant
RPI7_O4,-0.253972412,1.248877082,-1.5911112,10.149516,Resistant
RPI7_O5,-0.033825388,0.860958698,-1.5221212,8.582418,Resistant
RPI7_O6,-0.27485127,1.003420218,-3.4049492,15.58758,Resistant
RPI7_O7,-0.231518501,1.063032254,-2.4281816,9.614355,Resistant
RPI7_O8,0.276809701,0.795470991,-0.033434343,0.4185484,Resistant
RPI7_O9,-0.164434976,0.974949625,-1.6369698,7.124839,Resistant
RPI7_O10,-0.32859202,1.227749657,-2.6433332,12.046936,Resistant
RPI7_O11,-0.167903806,1.108022764,-2.632121,13.941452,Resistant
RPI7_O12,0.328951303,0.695595064,-0.003737375,0.38209677,Resistant
RPI7_O13,-0.156871104,0.884609972,-1.6333332,6.554355,Resistant
RPI7_O14,-0.124407686,1.043215224,-3.3030305,16.029194,Resistant
RPI7_O15,-0.274728072,1.090061319,-1.9818182,12.468388,Resistant
RPI7_O16,-0.261772978,1.087359527,-2.4844444,15.621774,Resistant
RPI7_O17,-0.130102616,1.009747939,-2.1777778,11.613871,Resistant
RPI7_O18,-0.178820808,1.013870135,-1.7952526,9.133225,Resistant
RPI7_O19,-0.236893158,0.932365779,-3.0911112,15.462904,Resistant
RPI7_O20,-0.10838633,1.014035824,-2.4389899,13.122743,Resistant
RPI7_O21,-0.305456812,1.05154268,-1.9027272,7.3853226,Resistant
RPI7_O22,-0.074066,0.467044442,-0.022929292,0.09951612,Resistant
RPI7_O24,0.208612923,1.250438529,-0.12535354,1.2080646,Resistant
RPI7_P3,0.45099763,0.67745524,-0.038282827,0.27919355,Sensitive
RPI7_P4,-0.202329654,1.178804511,-2.0915153,13.526936,Resistant
RPI7_P5,-0.271279414,1.153628934,-2.0562627,10.567258,Resistant
RPI7_P6,-0.229875734,1.013258875,-3.4173737,15.465967,Resistant
RPI7_P7,-0.204307988,0.990256658,-2.1136363,11.019676,Resistant
RPI7_P8,-0.105173915,1.082777907,-1.6647475,6.704194,Resistant
RPI7_P9,-0.208658526,1.155476389,-1.5330303,9.493064,Resistant
RPI7_P10,-0.32409722,1.099164447,-2.778687,15.061613,Resistant
RPI7_P12,-0.242338823,0.977312184,-2.477879,17.037096,Resistant
RPI7_P13,-0.012908775,0.397357084,-0.030303031,0.035161294,Resistant
RPI7_P14,-0.113528962,0.998807992,-1.6154544,8.855484,Resistant
RPI7_P15,-0.217217137,1.041602776,-1.7870705,9.929356,Resistant
RPI7_P16,-0.076608784,0.96612897,-0.20050505,1.1679032,Resistant
RPI7_P17,-0.198175649,1.122292149,-1.4144444,7.6882257,Resistant
RPI7_P18,-0.238987403,1.037777908,-1.3487879,8.079032,Resistant
RPI7_P19,-0.233136246,1.276315755,-1.2340405,8.462097,Resistant
RPI7_P20,-0.189649712,1.136913211,-0.8239394,5.184032,Resistant
RPI7_P22,-0.209809596,1.078818697,-1.3777778,6.890806,Resistant
